coupon_number,time,pari_type,description,factor,result,stake_amount,win_amount,start_time,event,pari,detail_factor,score,detail_result,expanded,express_events
18629927496,19:43:18,Пари на спорт,Одинар,1.60,Проигрыш,529,-529,05.11.2025 23:35,Накашима Б – Джирон M,Поб 1,1.60,0:2,Проигрыш,True,
18618907935,16:38:34,Пари на спорт,Одинар,1.64,Проигрыш,500,-500,05.11.2025 23:35,Накашима Б – Джирон M,Поб 1,1.64,0:2,Проигрыш,True,
18645981672,00:19:02,Пари на спорт,Одинар,1.98,Выигрыш,450,891,05.11.2025 23:00,LIVE 2:2 Брюгге – Барселона,1X (осн. время),1.98,3:3,Выигрыш,True,
18630125199,19:46:20,Пари на спорт,Экспресс × 3,2.99,Проигрыш,250,-250,05.11.2025 23:00,Брюгге – Барселона,Поб 2 (осн. время),1.55,3:3,Проигрыш,True,
18630111142,19:46:07,Пари на спорт,Экспресс × 2,1.93,Выигрыш,250,483,05.11.2025 23:00,Манчестер Сити – Боруссия Дортмунд,Поб 1 (осн. время),1.43,4:1,Выигрыш,True,
18630093264,19:45:52,Пари на спорт,Экспресс × 2,2.22,Проигрыш,250,-250,05.11.2025 23:00,Брюгге – Барселона,Поб 2 (осн. время),1.55,3:3,Проигрыш,True,
18630083384,19:45:44,Пари на спорт,Экспресс × 2,2.09,Проигрыш,250,-250,05.11.2025 23:00,Брюгге – Барселона,Поб 2 (осн. время),1.55,3:3,Проигрыш,True,
18639616709,22:18:18,Пари на спорт,Одинар,2.18,Выигрыш,300,654,05.11.2025 20:45,LIVE 2:2 Карабах – Челси,Ничья (осн. время),2.18,2:2,Выигрыш,True,
18618925379,16:38:53,Пари на спорт,Одинар,2.10,Выигрыш,252,529,05.11.2025 18:00,Гастон У – Альтмайер Д,Поб 2,2.10,1:2,Выигрыш,True,
18614807205,15:09:45,Пари на спорт,Одинар,1.48,Выигрыш,2 000,2 960,05.11.2025 14:25,LIVE 0:0 2-я карта Team Spirit – The Mongolz,Поб 1,1.48,19:16,Выигрыш,True,
18614299630,14:58:36,Пари на спорт,Одинар,2.30,Проигрыш,250,-250,05.11.2025 14:25,LIVE 4:8 1-я карта Team Spirit – The Mongolz,Поб 1,2.30,7:13,Проигрыш,True,
18614271375,14:57:58,Пари на спорт,Одинар,2.30,Проигрыш,250,-250,05.11.2025 14:25,LIVE 4:8 1-я карта Team Spirit – The Mongolz,Поб 1,2.30,7:13,Проигрыш,True,
18612847025,14:28:46,Пари на спорт,Одинар,1.65,Проигрыш,286,-286,05.11.2025 12:15,LIVE 2:2 Амур – Авангард,Победа с учетом ОТ и буллитов - Авангард,1.65,2:2,Проигрыш,True,
18605392577,11:04:23,Пари на спорт,Одинар,1.68,Выигрыш,1 063,1 786,05.11.2025 11:00,LIVE 0:0 FURIA Esports – MOUZ,Поб 2,1.68,1:2,Выигрыш,True,
18595212031,01:03:13,Пари на спорт,Одинар,1.87,Выигрыш,250,468,05.11.2025 06:00,Вегас – Детройт,Поб 1,1.87,1:0,Выигрыш,True,
18595409512,01:09:32,Пари на спорт,Одинар,2.08,Выигрыш,382,795,05.11.2025 05:30,Колорадо – Тампа-Бэй,Поб 1,2.08,3:2,Выигрыш,True,
18599726889,06:46:59,Пари на спорт,Экспресс × 2,2.37,Выигрыш,334,792,05.11.2025 04:57,LIVE 0:0 2-я карта G2 Esports – Virtus.Pro,Поб 1,1.50,13:9,Выигрыш,True,
18595223461,01:03:37,Пари на спорт,Одинар,2.30,Проигрыш,250,-250,05.11.2025 04:00,Даллас – Эдмонтон,Поб 1,2.30,3:3,Проигрыш,True,
18595220076,01:03:30,Пари на спорт,Одинар,2.15,Проигрыш,250,-250,05.11.2025 03:00,Баффало – Юта,Поб 2,2.15,1:1,Проигрыш,True,
18595217464,01:03:24,Пари на спорт,Одинар,2.40,Выигрыш,250,600,05.11.2025 03:00,Рейнджерс – Каролина,Поб 2,2.40,0:3,Выигрыш,True,
18595215036,01:03:19,Пари на спорт,Одинар,2.00,Проигрыш,250,-250,05.11.2025 03:00,Айлендерс – Бостон,Поб 1,2.00,3:3,Проигрыш,True,
18564486662,15:32:06,Пари на спорт,Одинар,1.78,Выигрыш,300,534,04.11.2025 23:25,Казо А – Норри К,Поб 2,1.78,1:2,Выигрыш,True,
18589464019,22:45:52,Пари на спорт,Одинар,1.58,Выигрыш,800,1 264,04.11.2025 23:00,ПСЖ – Бавария,Обе забьют и тотал матча > 2.5 - да,1.58,1:2,Выигрыш,True,
18589294044,22:44:03,Пари на спорт,Экспресс × 2,1.84,Выигрыш,200,368,04.11.2025 23:00,Тоттенхэм – Копенгаген,Поб 1 (осн. время),1.47,4:0,Выигрыш,True,
18589264926,22:43:44,Пари на спорт,Одинар,2.00,Проигрыш,300,-300,04.11.2025 23:00,Ювентус – Спортинг Лиссабон,Поб 1 (осн. время),2.00,1:1,Проигрыш,True,
18589248116,22:43:32,Пари на спорт,Одинар,2.07,Проигрыш,200,-200,04.11.2025 23:00,Ливерпуль – Реал Мадрид,Фора 2 (0),2.07,1:0,Проигрыш,True,
18586699563,21:58:05,Пари на спорт,Одинар,2.02,Проигрыш,488,-488,04.11.2025 20:45,LIVE 0:0 Наполи – Айнтрахт Франкфурт,Поб 1 (осн. время),2.02,0:0,Проигрыш,True,
18578361312,19:33:13,Пари на спорт,Одинар,,Проигрыш,1 025,-1 025,04.11.2025 20:45,Наполи – Айнтрахт Франкфурт,Поб 1 (осн. время),1.63,0:0,Проигрыш,True,
18564512614,15:32:31,Пари на спорт,Экспресс × 2,1.55,Проигрыш,350,-350,04.11.2025 20:35,Джокович Н – Табило А,Поб 1,1.22,2:0,Выигрыш,True,
18564477529,15:31:57,Пари на спорт,Экспресс × 2,1.95,Выигрыш,250,488,04.11.2025 17:10,Гауфф К – Паолини Я,Поб 1,1.50,2:0,Выигрыш,True,
18564468802,15:31:48,Пари на спорт,Одинар,1.75,Выигрыш,300,525,04.11.2025 17:00,СКА – Динамо Москва,Победа с учетом ОТ и буллитов - Динамо Москва,1.75,1:2,Выигрыш,True,
18564506318,15:32:25,Пари на спорт,Одинар,1.55,Проигрыш,800,-800,04.11.2025 16:10,Альтмайер Д – Риндеркнеш А,Поб 2,1.55,2:0,Проигрыш,True,
18558615471,13:29:04,Пари на спорт,Одинар,1.90,Проигрыш,750,-750,04.11.2025 13:38,1-я карта Team Falcons – Team Spirit,> 21.5,1.90,13:6,Проигрыш,True,
18549918578,09:14:08,Пари на спорт,Одинар,1.85,Проигрыш,500,-500,04.11.2025 13:38,Team Falcons – Team Spirit,Кол-во карт > 2.5,1.85,2:0,Проигрыш,True,
18549914061,09:13:57,Пари на спорт,Одинар,2.04,Проигрыш,500,-500,04.11.2025 13:38,Team Falcons – Team Spirit,Поб 2,2.04,2:0,Проигрыш,True,
18558510372,13:26:53,Пари на спорт,Одинар,1.85,Проигрыш,250,-250,04.11.2025 13:27,TYLOO – PaiN Gaming,Кол-во карт > 2.5,1.85,0:2,Проигрыш,True,
18554671316,11:53:13,Пари на спорт,Одинар,1.77,Проигрыш,347,-347,04.11.2025 11:49,LIVE 0:0 The Mongolz – Astralis,Поб 1,1.77,0:2,Проигрыш,True,
18549911054,09:13:50,Пари на спорт,Одинар,1.53,Проигрыш,1 000,-1 000,04.11.2025 11:49,The Mongolz – Astralis,Поб 1,1.53,0:2,Проигрыш,True,
18549926173,09:14:28,Пари на спорт,Экспресс × 2,2.02,Проигрыш,200,-200,04.11.2025 10:25,Heroic – Natus Vincere,Поб 2,1.32,2:1,Проигрыш,True,
18541352033,00:11:35,Пари на спорт,Одинар,2.30,Выигрыш,200,460,04.11.2025 08:27,MOUZ – Team Vitality,Поб 1,2.30,2:1,Выигрыш,True,
18541350679,00:11:31,Пари на спорт,Одинар,1.87,Выигрыш,200,374,04.11.2025 08:27,MOUZ – Team Vitality,Кол-во карт > 2.5,1.87,1:1,Выигрыш,True,
18549896509,09:13:12,Пари на спорт,Одинар,2.20,Выигрыш,233,513,04.11.2025 07:30,LIVE 1:1 FaZe Clan – Virtus.Pro,Поб 2,2.20,1:2,Выигрыш,True,
18541358162,00:11:48,Пари на спорт,Одинар,1.50,Выигрыш,400,600,04.11.2025 07:30,карты FaZe Clan – Virtus.Pro,Фора 2 (+1.5),1.50,1:1,Выигрыш,True,
18541355002,00:11:41,Пари на спорт,Одинар,1.93,Выигрыш,200,386,04.11.2025 07:30,FaZe Clan – Virtus.Pro,Кол-во карт > 2.5,1.93,1:1,Выигрыш,True,
18541342529,00:11:11,Пари на спорт,Одинар,1.62,Выигрыш,893,1 447,04.11.2025 05:00,FURIA Esports – G2 Esports,Поб 1,1.62,2:0,Выигрыш,True,
18541337620,00:10:58,Пари на спорт,Одинар,1.75,Проигрыш,200,-200,04.11.2025 04:00,Мемфис – Детройт: Морант Джа,очки > 23.5,1.75,0,Проигрыш,True,
18541327893,00:10:33,Пари на спорт,Одинар,1.65,Проигрыш,200,-200,04.11.2025 03:00,Индиана – Милуоки,Милуоки > 119.5,1.65,115:117,Проигрыш,True,
18531693654,20:32:04,Пари на спорт,Одинар,1.50,Выигрыш,550,825,03.11.2025 20:35,LIVE 0:0 Руайе В – Норри К,Поб 2,1.50,1:2,Выигрыш,True,
18526138739,18:53:07,Пари на спорт,Одинар,1.70,Выигрыш,231,393,03.11.2025 19:10,Динамо Минск – ЦСКА,Победа с учетом ОТ и буллитов - Динамо Минск,1.70,2:0,Выигрыш,True,
18526135930,18:53:04,Пари на спорт,Одинар,2.15,Выигрыш,500,1 075,03.11.2025 19:10,Динамо Минск – ЦСКА,Поб 1,2.15,2:0,Выигрыш,True,
18518380498,16:29:50,Пари на спорт,Одинар,2.30,Выигрыш,318,731,03.11.2025 17:10,Швентек И – Рыбакина Е,Поб 2,2.30,1:2,Выигрыш,True,
18502960160,11:16:33,Пари на спорт,Экспресс × 2,1.59,Выигрыш,200,318,03.11.2025 10:55,LIVE 0:0 2-я карта G2 Esports – 3DMAX,Поб 1,1.43,13:8,Выигрыш,True,
18502945161,11:16:04,Пари на спорт,Экспресс × 2,1.92,Проигрыш,290,-290,03.11.2025 12:43,Astralis – Natus Vincere,Поб 2,1.30,2:1,Проигрыш,True,
18491211231,00:33:38,Пари на спорт,Одинар,2.20,Проигрыш,202,-202,03.11.2025 03:00,Филадельфия – Калгари,Поб 1,2.20,1:2,Проигрыш,True,
18491210080,00:33:35,Пари на спорт,Одинар,1.75,Проигрыш,212,-212,03.11.2025 03:00,Филадельфия – Калгари,Победа с учетом ОТ и буллитов - Филадельфия,1.75,1:2,Проигрыш,True,
18491204784,00:33:25,Пари на спорт,Одинар,1.67,Проигрыш,411,-411,03.11.2025 05:30,Лейкерс – Майами,Фора 2 (+6.5),1.67,130:120,Проигрыш,True,
18491193028,00:33:04,Пари на спорт,Одинар,1.87,Проигрыш,411,-411,03.11.2025 04:00,Сан-Хосе – Детройт,Поб 2,1.87,2:2,Проигрыш,True,
18491174407,00:32:34,Пари на спорт,Одинар,1.85,Проигрыш,411,-411,02.11.2025 23:30,LIVE 1:1 Юта – Тампа-Бэй,Победа с учетом ОТ и буллитов - Юта,1.85,2:4,Проигрыш,True,
18484153357,21:48:53,Пари на спорт,Одинар,2.25,Продано,263,447,02.11.2025 22:45,Милан – Рома,Поб 1 (осн. время),2.25,1:0,Выигрыш,True,
18466229294,17:12:35,Пари на спорт,Одинар,2.09,Выигрыш,700,1 463,02.11.2025 19:30,Краснодар – Спартак Москва,Поб 1 (осн. время),2.09,2:1,Выигрыш,True,
18466223725,17:12:29,Пари на спорт,Одинар,2.75,Проигрыш,178,-178,02.11.2025 18:40,BB Team – Team Falcons,Поб 1,2.75,1:3,Проигрыш,True,
18462038084,16:08:52,Пари на спорт,Одинар,2.07,Проигрыш,330,-330,02.11.2025 14:30,LIVE 0:1 Автомобилист – Торпедо НН,1X,2.07,0:2,Проигрыш,True,
18458627297,15:10:46,Пари на спорт,Одинар,1.55,Выигрыш,600,930,02.11.2025 15:00,LIVE 0:0 1-я карта Team Yandex – Team Falcons,Поб 2,1.55,18:43,Выигрыш,True,
18457131337,14:43:20,Пари на спорт,Одинар,1.85,Выигрыш,150,278,02.11.2025 14:00,LIVE 0:1 Трактор – Сибирь,Победа с учетом ОТ и буллитов - Трактор,1.85,4:3,Выигрыш,True,
18454708936,14:00:27,Пари на спорт,Одинар,2.15,Проигрыш,250,-250,02.11.2025 15:00,Team Yandex – Team Falcons,Кол-во карт > 2.5,2.15,0:2,Проигрыш,True,
18454537409,13:57:33,Пари на спорт,Одинар,,Проигрыш,460,-460,02.11.2025 14:30,Автомобилист – Торпедо НН,Поб 1,1.93,0:2,Проигрыш,True,
18447500651,11:25:16,Пари на спорт,Одинар,2.15,Выигрыш,200,430,02.11.2025 12:00,Оренбург – Сочи,Поб 1 (осн. время),2.15,3:1,Выигрыш,True,
18445424323,10:29:49,Пари на спорт,Одинар,2.15,Выигрыш,200,430,02.11.2025 12:00,Оренбург – Сочи,Поб 1 (осн. время),2.15,3:1,Выигрыш,True,
18433062142,00:34:35,Пари на спорт,Одинар,1.80,Проигрыш,1 091,-1 091,02.11.2025 04:00,Лос-Анджелес – Нью-Джерси,Победа с учетом ОТ и буллитов - Лос-Анджелес,1.80,1:4,Проигрыш,True,
18429941105,23:12:57,Пари на спорт,Одинар,1.89,Проигрыш,300,-300,01.11.2025 22:40,LIVE 1:5 1-я карта Team Falcons – Team Liquid,Поб 1,1.89,14:45,Проигрыш,True,
18424657049,21:49:46,Пари на спорт,Одинар,1.60,Выигрыш,1 116,1 786,01.11.2025 22:00,Виннипег – Питтсбург,Победа с учетом ОТ и буллитов - Виннипег,1.60,5:2,Выигрыш,True,
18422138398,21:12:45,Пари на спорт,Одинар,1.97,Выигрыш,307,605,01.11.2025 22:00,Виннипег – Питтсбург,Поб 1,1.97,5:2,Выигрыш,True,
18415908452,19:51:22,Пари на спорт,Одинар,1.82,Продано,304,242,01.11.2025 20:00,Бостон – Каролина,Поб 2,1.82,2:1,Проигрыш,True,
18415873900,19:50:59,Пари на спорт,Одинар,1.82,Продано,304,242,01.11.2025 20:00,Бостон – Каролина,Поб 2,1.82,2:1,Проигрыш,True,
18405332151,17:32:24,Пари на спорт,Одинар,1.75,Выигрыш,1 000,1 750,01.11.2025 18:20,Team Yandex – BB Team,Поб 2,1.75,1:2,Выигрыш,True,
18405250439,17:31:24,Пари на спорт,Одинар,1.82,Выигрыш,334,608,01.11.2025 17:45,Рубин – Динамо Москва,1X (осн. время),1.82,0:0,Выигрыш,True,
18405229213,17:31:07,Пари на спорт,Одинар,1.87,Выигрыш,333,623,01.11.2025 18:20,Team Yandex – BB Team,Кол-во карт > 2.5,1.87,1:1,Выигрыш,True,
18405223940,17:31:02,Пари на спорт,Одинар,1.70,Выигрыш,333,566,01.11.2025 18:20,Team Yandex – BB Team,Поб 2,1.70,1:2,Выигрыш,True,
18402350417,16:51:40,Пари на спорт,Одинар,1.80,Проигрыш,401,-401,01.11.2025 14:00,LIVE 1:1 MOUZ – Team Liquid,Поб 1,1.80,1:2,Проигрыш,True,
18400680726,16:26:37,Пари на спорт,Одинар,1.85,Проигрыш,500,-500,01.11.2025 16:38,Оже-Альяссим Ф – Бублик А,Поб 2,1.85,2:0,Проигрыш,True,
18397677145,15:39:00,Пари на спорт,Одинар,1.53,Выигрыш,1 700,2 601,01.11.2025 14:00,LIVE 6:3 2-я карта MOUZ – Team Liquid,Поб 2,1.53,33:37,Выигрыш,True,
18396182424,15:14:15,Пари на спорт,Одинар,2.54,Проигрыш,212,-212,01.11.2025 15:25,Aurora – Legacy,Поб 2,2.54,3:2,Проигрыш,True,
18387348993,12:24:20,Пари на спорт,Одинар,1.78,Выигрыш,250,445,01.11.2025 12:00,LIVE 0:0 2-я карта GamerLegion – SAW,Поб 2,1.78,11:13,Выигрыш,True,
18384815072,11:26:34,Пари на спорт,Одинар,1.85,Проигрыш,3 000,-3 000,01.11.2025 16:38,Оже-Альяссим Ф – Бублик А,Поб 2,1.85,2:0,Проигрыш,True,
18382635626,10:30:29,Пари на спорт,Одинар,1.95,Выигрыш,75,71,01.11.2025 12:00,GamerLegion – SAW,Поб 2,1.95,1:2,Выигрыш,True,
18382634384,10:30:27,Пари на спорт,Одинар,1.95,Выигрыш,250,488,01.11.2025 12:00,GamerLegion – SAW,Поб 2,1.95,1:2,Выигрыш,True,
18382632310,10:30:24,Пари на спорт,Одинар,1.83,Выигрыш,250,458,01.11.2025 12:00,GamerLegion – SAW,Кол-во карт > 2.5,1.83,1:1,Выигрыш,True,
18382626363,10:30:13,Пари на спорт,Одинар,1.80,Проигрыш,1 000,-1 000,01.11.2025 14:00,MOUZ – Team Liquid,Поб 1,1.80,1:2,Проигрыш,True,
18372918738,02:41:58,Пари на спорт,Одинар,1.58,Выигрыш,2 000,3 160,31.10.2025 23:25,LIVE 1:1 Team Spirit – Team Falcons,Поб 2,1.58,1:2,Выигрыш,True,
18372833700,02:35:44,Пари на спорт,Одинар,1.82,Продано,1 000,870,01.11.2025 02:00,LIVE 0:0 Вашингтон – Айлендерс,Поб 1,1.82,1:3,Проигрыш,True,
18371450764,01:26:53,Пари на спорт,Одинар,2.00,Проигрыш,219,-219,01.11.2025 02:00,Филадельфия – Бостон,Поб 1,2.00,108:109,Проигрыш,True,
18369060386,00:13:43,Пари на спорт,Одинар,2.01,Выигрыш,333,669,31.10.2025 23:25,LIVE 0:0 2-я карта Team Spirit – Team Falcons,Поб 1,2.01,34:11,Выигрыш,True,
18363833677,22:19:19,Пари на спорт,Одинар,2.10,Выигрыш,500,1 050,31.10.2025 22:40,Медведев Д – Зверев А,Поб 2,2.10,1:2,Выигрыш,True,
18363825852,22:19:11,Пари на спорт,Одинар,2.04,Проигрыш,500,-500,31.10.2025 23:25,Team Spirit – Team Falcons,Поб 1,2.04,1:2,Проигрыш,True,
18361639930,21:44:22,Пари на спорт,Одинар,1.89,Выигрыш,700,1 323,31.10.2025 18:35,LIVE 1:1 Heroic – Team Liquid,Поб 2,1.89,1:2,Выигрыш,True,
18356458478,20:17:31,Пари на спорт,Одинар,1.70,Проигрыш,300,-300,31.10.2025 18:35,LIVE 0:0 2-я карта Heroic – Team Liquid,Поб 2,1.70,47:24,Проигрыш,True,
18356443024,20:17:16,Пари на спорт,Одинар,1.70,Проигрыш,204,-204,31.10.2025 18:35,LIVE 0:0 2-я карта Heroic – Team Liquid,Поб 2,1.70,47:24,Проигрыш,True,
18350565124,18:48:25,Пари на спорт,Одинар,1.53,Выигрыш,500,765,31.10.2025 18:35,LIVE 0:0 1-я карта Heroic – Team Liquid,Поб 2,1.53,32:34,Выигрыш,True,
18349352091,18:29:06,Пари на спорт,Одинар,2.25,Выигрыш,256,576,31.10.2025 17:50,LIVE 0:0 Бублик А – Де Минаур А,Поб 1,2.25,2:1,Выигрыш,True,
18345804350,17:31:26,Пари на спорт,Одинар,1.75,Выигрыш,75,56,31.10.2025 14:00,LIVE 1:1 Tundra Esports – Team Falcons,Поб 2,1.75,1:2,Выигрыш,True,
18343640300,16:55:52,Пари на спорт,Одинар,1.70,Выигрыш,300,510,31.10.2025 18:35,Heroic – Team Liquid,Поб 2,1.70,1:2,Выигрыш,True,
18343629612,16:55:43,Пари на спорт,Одинар,1.90,Проигрыш,361,-361,31.10.2025 17:10,Aurora – GamerLegion,Кол-во карт > 2.5,1.90,2:0,Проигрыш,True,
18340629613,16:03:53,Пари на спорт,Одинар,1.77,Выигрыш,400,708,31.10.2025 13:55,LIVE 1:1 PaiN Gaming – Legacy,Поб 2,1.77,1:2,Выигрыш,True,
18340286056,15:57:46,Пари на спорт,Одинар,2.15,Выигрыш,750,863,31.10.2025 17:50,Бублик А – Де Минаур А,Поб 1,2.15,2:1,Выигрыш,True,
18340280927,15:57:40,Пари на спорт,Одинар,2.30,Проигрыш,500,-500,31.10.2025 16:11,Вашеро В – Оже-Альяссим Ф,Поб 1,2.30,0:2,Проигрыш,True,
18332594706,13:39:44,Пари на спорт,Одинар,1.87,Выигрыш,1 000,1 870,31.10.2025 13:55,PaiN Gaming – Legacy,Кол-во карт > 2.5,1.87,1:1,Выигрыш,True,
18332503459,13:37:30,Пари на спорт,Экспресс × 2,2.45,Продано,1 024,783,31.10.2025 14:00,Tundra Esports – Team Falcons,Поб 2,1.44,1:2,Выигрыш,True,
18324521701,09:35:21,Пари на спорт,Одинар,1.87,Выигрыш,227,424,31.10.2025 11:00,B8 – Aurora,Кол-во карт > 2.5,1.87,1:1,Выигрыш,True,
18324517077,09:35:09,Пари на спорт,Одинар,2.35,Проигрыш,226,-226,31.10.2025 11:00,B8 – Aurora,Поб 1,2.35,1:2,Проигрыш,True,
18324512450,09:34:57,Пари на спорт,Одинар,1.70,Проигрыш,1 000,-1 000,31.10.2025 11:00,Heroic – GamerLegion,Поб 1,1.70,1:2,Проигрыш,True,
18315734323,00:36:34,Пари на спорт,Одинар,1.75,Выигрыш,425,744,31.10.2025 02:30,Каролина – Айлендерс,Поб 1,1.75,6:2,Выигрыш,True,
18315731287,00:36:26,Пари на спорт,Одинар,2.00,Проигрыш,400,-400,31.10.2025 04:00,Эдмонтон – Рейнджерс,Поб 1,2.00,3:3,Проигрыш,True,
18315728584,00:36:21,Пари на спорт,Одинар,1.77,Проигрыш,412,-412,31.10.2025 05:00,Сан-Хосе – Нью-Джерси,Поб 2,1.77,5:2,Проигрыш,True,
18315718551,00:35:57,Пари на спорт,Одинар,1.72,Выигрыш,412,709,31.10.2025 02:00,Шарлотт – Орландо,Поб 2,1.72,107:123,Выигрыш,True,
18308370862,21:41:23,Пари на спорт,Одинар,2.10,Выигрыш,134,281,30.10.2025 20:08,LIVE 1:0 Сонего Л – Медведев Д,Поб 2,2.10,1:2,Выигрыш,True,
18301580420,19:43:07,Пари на спорт,Одинар,1.53,Выигрыш,894,1 368,30.10.2025 22:58,Давидович Фокина А – Зверев А,Поб 2,1.53,0:2,Выигрыш,True,
18297926888,18:40:22,Пари на спорт,Одинар,2.45,Проигрыш,230,-230,30.10.2025 19:00,Северсталь – Динамо Москва,Поб 1,2.45,0:3,Проигрыш,True,
18297915654,18:40:09,Пари на спорт,Одинар,1.62,Выигрыш,700,1 134,30.10.2025 19:00,Торпедо НН – Лада,Поб 1,1.62,2:0,Выигрыш,True,
18296405934,18:11:26,Пари на спорт,Одинар,2.08,Выигрыш,430,894,30.10.2025 18:10,LIVE 0:0 Фриц Т – Бублик А,Поб 2,2.08,0:2,Выигрыш,True,
18287704586,15:03:37,Пари на спорт,Одинар,1.87,Выигрыш,230,430,30.10.2025 15:15,Aurora – Astralis,Кол-во карт > 2.5,1.87,1:1,Выигрыш,True,
18287700457,15:03:33,Пари на спорт,Одинар,1.55,Выигрыш,600,930,30.10.2025 15:15,Aurora – Astralis,Поб 1,1.55,2:1,Выигрыш,True,
18285454142,14:04:27,Пари на спорт,Одинар,2.20,Проигрыш,220,-220,30.10.2025 16:40,Шелтон Б – Рублев А,Поб 2,2.20,2:0,Проигрыш,True,
18282570057,12:42:53,Пари на спорт,Одинар,2.05,Проигрыш,500,-500,30.10.2025 13:10,Норри К – Вашеро В,Поб 1,2.05,0:2,Проигрыш,True,
18278382924,10:22:59,Пари на спорт,Одинар,1.85,Проигрыш,500,-500,30.10.2025 11:00,GamerLegion – Gentle Mates,Кол-во карт > 2.5,1.85,2:0,Проигрыш,True,
18278378123,10:22:48,Пари на спорт,Одинар,2.15,Проигрыш,525,-525,30.10.2025 11:00,GamerLegion – Gentle Mates,Поб 2,2.15,2:0,Проигрыш,True,
18270412324,01:27:29,Пари на спорт,Одинар,1.78,Выигрыш,576,1 025,30.10.2025 02:30,Коламбус – Торонто,Победа с учетом ОТ и буллитов - Коламбус,1.78,6:3,Выигрыш,True,
18270404286,01:27:07,Пари на спорт,Одинар,1.75,Проигрыш,574,-574,30.10.2025 02:00,Бостон – Кливленд,Фора 2 (-2.5),1.75,125:105,Проигрыш,True,
18270391453,01:26:32,Пари на спорт,Одинар,1.72,Проигрыш,574,-574,30.10.2025 02:00,Детройт – Орландо,Поб 2,1.72,135:116,Проигрыш,True,
18265919205,23:15:21,Пари на спорт,Одинар,2.20,Проигрыш,300,-300,29.10.2025 23:33,Хачанов К – Фонсека Ж,Поб 2,2.20,2:1,Проигрыш,True,
18255554386,20:25:10,Пари на спорт,Одинар,1.58,Продано,1 000,1 324,29.10.2025 21:35,Мутэ К – Бублик А,Поб 2,1.58,0:2,Выигрыш,True,
18255371644,20:22:22,Пари на спорт,Одинар,1.60,Выигрыш,700,1 120,29.10.2025 21:35,Мутэ К – Бублик А,Поб 2,1.60,0:2,Выигрыш,True,
18249143165,18:45:35,Пари на спорт,Одинар,1.80,Проигрыш,283,-283,29.10.2025 17:00,LIVE 1:1 B8 – Legacy,Поб 2,1.80,2:1,Проигрыш,True,
18246459673,18:00:08,Пари на спорт,Одинар,2.15,Проигрыш,100,-100,29.10.2025 19:29,Team Spirit – BB Team,Счет после 2-х карт - 2:0,2.15,0:1,Проигрыш,True,
18246452630,18:00:01,Пари на спорт,Одинар,2.15,Проигрыш,360,-360,29.10.2025 19:29,Team Spirit – BB Team,Счет после 2-х карт - 2:0,2.15,0:1,Проигрыш,True,
18245156359,17:37:05,Пари на спорт,Одинар,1.68,Выигрыш,363,610,29.10.2025 14:50,LIVE 1:1 Оже-Альяссим Ф – Мюллер А,Поб 1,1.68,2:1,Выигрыш,True,
18240784832,16:17:06,Пари на спорт,Одинар,1.80,Выигрыш,500,900,29.10.2025 14:43,LIVE 1:1 Серундоло Ф – Кецманович М,Поб 1,1.80,2:1,Выигрыш,True,
18240767819,16:16:45,Пари на спорт,Одинар,1.58,Выигрыш,1 000,1 580,29.10.2025 21:35,Мутэ К – Бублик А,Поб 2,1.58,0:2,Выигрыш,True,
18240755800,16:16:30,Пари на спорт,Одинар,1.75,Выигрыш,200,350,29.10.2025 14:50,LIVE 0:1 Оже-Альяссим Ф – Мюллер А,Поб 1,1.75,2:1,Выигрыш,True,
18240359325,16:08:40,Пари на спорт,Одинар,1.95,Проигрыш,230,-230,29.10.2025 15:30,LIVE 9:12 1-я карта Team Yandex – MOUZ,Поб 1,1.95,11:23,Проигрыш,True,
18236755837,14:48:31,Пари на спорт,Одинар,1.85,Выигрыш,250,463,29.10.2025 15:30,Team Yandex – MOUZ,Кол-во карт > 2.5,1.85,1:1,Выигрыш,True,
18236749220,14:48:22,Пари на спорт,Одинар,1.93,Выигрыш,250,483,29.10.2025 15:30,Team Yandex – MOUZ,Поб 1,1.93,2:1,Выигрыш,True,
18232242591,12:51:51,Пари на спорт,Одинар,1.50,Проигрыш,1 000,-1 000,29.10.2025 11:00,LIVE 10:10 2-я карта Aurora – SAW,Поб 1,1.50,13:16,Проигрыш,True,
18232117104,12:48:40,Пари на спорт,Одинар,1.62,Выигрыш,500,810,29.10.2025 13:10,Риндеркнеш А – Вашеро В,Поб 2,1.62,1:2,Выигрыш,True,
18231786254,12:38:56,Пари на спорт,Одинар,1.62,Выигрыш,1 000,1 620,29.10.2025 13:10,Риндеркнеш А – Вашеро В,Поб 2,1.62,1:2,Выигрыш,True,
18229617567,11:35:34,Пари на спорт,Одинар,2.75,Проигрыш,200,-200,29.10.2025 11:00,LIVE 0:1 3DMAX – Astralis,Поб 1,2.75,0:2,Проигрыш,True,
18227264945,10:18:08,Пари на спорт,Одинар,1.85,Проигрыш,340,-340,29.10.2025 11:00,3DMAX – Astralis,Кол-во карт > 2.5,1.85,0:2,Проигрыш,True,
18215624780,00:18:05,Пари на спорт,Одинар,2.10,Выигрыш,500,1 050,29.10.2025 04:30,Эдмонтон – Юта,Поб 1,2.10,6:3,Выигрыш,True,
18215620558,00:17:56,Пари на спорт,Одинар,1.98,Выигрыш,500,990,29.10.2025 04:00,Колорадо – Нью-Джерси,Поб 1,1.98,8:4,Выигрыш,True,
18215614707,00:17:45,Пари на спорт,Одинар,1.90,Проигрыш,500,-500,29.10.2025 02:00,Флорида – Анахайм,Поб 1,1.90,2:2,Проигрыш,True,
18215611623,00:17:39,Пари на спорт,Одинар,2.00,Выигрыш,500,1 000,29.10.2025 01:00,Торонто – Калгари,Поб 1,2.00,4:3,Выигрыш,True,
18208485907,21:52:51,Пари на спорт,Одинар,2.95,Продано,320,508,28.10.2025 20:45,LIVE 0:1 BB Team – Team Liquid,Поб 1,2.95,2:1,Выигрыш,True,
18200948034,19:51:57,Пари на спорт,Одинар,1.90,Выигрыш,500,950,28.10.2025 22:20,Тьен Л – Рублев А,Поб 2,1.90,0:2,Выигрыш,True,
18200944632,19:51:55,Пари на спорт,Одинар,1.95,Выигрыш,500,975,28.10.2025 20:30,Шелтон Б – Коболли Ф,Поб 1,1.95,2:0,Выигрыш,True,
18200936659,19:51:48,Пари на спорт,Одинар,1.63,Выигрыш,1 500,2 445,28.10.2025 20:45,BB Team – Team Liquid,Поб 1,1.63,2:1,Выигрыш,True,
18196937618,18:52:30,Пари на спорт,Одинар,1.60,Проигрыш,250,-250,28.10.2025 18:00,LIVE 0:0 2-я карта B8 – PaiN Gaming,Поб 1,1.60,10:13,Проигрыш,True,
18195380487,18:27:42,Пари на спорт,Одинар,2.30,Проигрыш,250,-250,28.10.2025 18:18,LIVE 0:0 1-я карта Team Spirit – Heroic,Team Spirit победа и общий тотал > 41.5 - да,2.30,21:8,Проигрыш,True,
18193401209,17:52:25,Пари на спорт,Одинар,1.85,Проигрыш,150,-150,28.10.2025 18:00,B8 – PaiN Gaming,Кол-во карт > 2.5,1.85,0:2,Проигрыш,True,
18193395574,17:52:18,Пари на спорт,Одинар,2.15,Выигрыш,149,320,28.10.2025 18:10,Ninjas in Pyjamas – Gentle Mates,Поб 2,2.15,1:2,Выигрыш,True,
18189365938,16:37:06,Пари на спорт,Одинар,2.15,Проигрыш,300,-300,28.10.2025 15:55,LIVE 0:1 Aurora – Heroic,Поб 1,2.15,0:2,Проигрыш,True,
18186330971,15:34:08,Пари на спорт,Одинар,1.95,Проигрыш,150,-150,28.10.2025 15:55,Aurora – Heroic,Кол-во карт > 2.5,1.95,0:2,Проигрыш,True,
18184668474,14:58:26,Пари на спорт,Одинар,1.58,Выигрыш,1 012,1 599,28.10.2025 15:45,Шаповалов Д – Фонсека Ж,Поб 2,1.58,1:2,Выигрыш,True,
18180590197,13:21:03,Пари на спорт,Одинар,3.00,Выигрыш,75,150,28.10.2025 13:34,карты Legacy – Astralis,Фора 1 (-1.5),3.00,2:0,Выигрыш,True,
18180566316,13:20:25,Пари на спорт,Одинар,1.70,Продано,520,639,28.10.2025 13:34,Legacy – Astralis,Поб 1,1.70,2:0,Выигрыш,True,
18174423769,10:10:12,Пари на спорт,Одинар,1.52,Выигрыш,500,760,28.10.2025 12:00,карты Tundra Esports – Team Yandex,Фора 2 (+1.5),1.52,1:1,Выигрыш,True,
18174421458,10:10:05,Пари на спорт,Одинар,1.52,Выигрыш,500,760,28.10.2025 11:00,Team Liquid – BB Team,Поб 1,1.52,2:1,Выигрыш,True,
18174412016,10:09:43,Пари на спорт,Одинар,2.80,Выигрыш,219,613,28.10.2025 12:00,Tundra Esports – Team Yandex,Поб 2,2.80,1:2,Выигрыш,True,
18174409870,10:09:37,Пари на спорт,Одинар,1.52,Выигрыш,500,760,28.10.2025 11:00,Team Liquid – BB Team,Поб 1,1.52,2:1,Выигрыш,True,
18164567606,00:09:33,Пари на спорт,Одинар,1.77,Выигрыш,491,869,28.10.2025 03:00,Нью-Орлеан – Бостон,Поб 2,1.77,90:122,Выигрыш,True,
18164516072,00:08:14,Пари на спорт,Одинар,1.72,Выигрыш,250,430,28.10.2025 02:00,Детройт – Кливленд,Поб 2,1.72,95:116,Выигрыш,True,
18164500570,00:07:54,Пари на спорт,Одинар,2.40,Проигрыш,250,-250,28.10.2025 02:30,Оттава – Бостон,Победа с учетом ОТ и буллитов - Бостон,2.40,7:2,Проигрыш,True,
18164490170,00:07:36,Пари на спорт,Одинар,1.68,Выигрыш,250,420,28.10.2025 02:00,Питтсбург – Сент-Луис,> 5.5,1.68,4:2,Выигрыш,True,
18152560737,19:57:14,Пари на спорт,Одинар,1.50,Выигрыш,827,1 241,27.10.2025 20:30,Heroic – ViCi Gaming,Поб 1,1.50,2:1,Выигрыш,True,
18151058158,19:30:21,Пари на спорт,Одинар,1.53,Проигрыш,672,-672,27.10.2025 20:07,3DMAX – B8,Поб 1,1.53,0:2,Проигрыш,True,
18143009951,17:05:37,Пари на спорт,Одинар,1.90,Выигрыш,300,570,27.10.2025 16:49,LIVE 0:0 Aurora – MOUZ,Поб 2,1.90,1:2,Выигрыш,True,
18140813971,16:22:12,Пари на спорт,Экспресс × 2,2.03,Проигрыш,144,-144,27.10.2025 16:20,LIVE 0:0 Fnatic – FlyQuest,Поб 1,1.48,0:2,Проигрыш,True,
18140809821,16:22:07,Пари на спорт,Экспресс × 2,1.75,Проигрыш,133,-133,27.10.2025 16:40,Серундоло Ф – Джумхур Д,Поб 1,1.37,2:0,Выигрыш,True,
18140805871,16:22:02,Пари на спорт,Экспресс × 2,1.93,Выигрыш,133,257,27.10.2025 16:40,Серундоло Ф – Джумхур Д,Поб 1,1.37,2:0,Выигрыш,True,
18137587737,15:13:14,Пари на спорт,Одинар,2.21,Проигрыш,184,-184,27.10.2025 14:00,LIVE 1:0 Team Liquid – PARIVISION,Поб 2,2.21,2:0,Проигрыш,True,
18131910674,13:02:08,Пари на спорт,Одинар,1.68,Выигрыш,400,672,27.10.2025 18:10,Фернли Дж – Рублев А,Поб 2,1.68,0:2,Выигрыш,True,
18131887897,13:01:38,Пари на спорт,Экспресс × 2,1.90,Проигрыш,325,-325,27.10.2025 14:00,Team Liquid – PARIVISION,Поб 2,1.38,2:0,Проигрыш,True,
18131861336,13:01:05,Пари на спорт,Одинар,1.85,Проигрыш,200,-200,27.10.2025 14:10,Heroic – BB Team,Кол-во карт > 2.5,1.85,2:0,Проигрыш,True,
18131857999,13:01:00,Пари на спорт,Одинар,2.05,Выигрыш,200,410,27.10.2025 14:10,Heroic – BB Team,Поб 1,2.05,2:0,Выигрыш,True,
18131646854,12:56:18,Пари на спорт,Одинар,2.10,Выигрыш,200,420,27.10.2025 11:00,LIVE 1:1 GamerLegion – PaiN Gaming,Поб 2,2.10,1:2,Выигрыш,True,
18131629960,12:55:58,Пари на спорт,Одинар,2.10,Выигрыш,290,609,27.10.2025 11:00,LIVE 1:1 GamerLegion – PaiN Gaming,Поб 2,2.10,1:2,Выигрыш,True,
18125648079,09:54:15,Пари на спорт,Одинар,1.85,Выигрыш,265,490,27.10.2025 11:00,GamerLegion – PaiN Gaming,Кол-во карт > 2.5,1.85,1:1,Выигрыш,True,
18125644342,09:54:05,Пари на спорт,Одинар,1.50,Выигрыш,750,1 125,27.10.2025 11:00,Legacy – Gentle Mates,Поб 1,1.50,2:0,Выигрыш,True,
18117389353,00:38:49,Пари на спорт,Одинар,2.13,Проигрыш,200,-200,27.10.2025 05:00,Ванкувер – Эдмонтон,Поб 2,2.13,3:3,Проигрыш,True,
18117385080,00:38:40,Пари на спорт,Одинар,2.13,Проигрыш,500,-500,27.10.2025 05:00,Ванкувер – Эдмонтон,Поб 2,2.13,3:3,Проигрыш,True,
18117382073,00:38:32,Пари на спорт,Одинар,2.03,Выигрыш,500,1 015,27.10.2025 02:00,Нэшвилл – Даллас,Поб 2,2.03,2:3,Выигрыш,True,
18117379966,00:38:26,Пари на спорт,Одинар,2.10,Проигрыш,500,-500,27.10.2025 01:00,Виннипег – Юта,Поб 1,2.10,2:3,Проигрыш,True,
18115998898,23:49:31,Пари на спорт,Одинар,2.17,Проигрыш,300,-300,27.10.2025 00:00,Тампа-Бэй – Вегас,Победа с учетом ОТ и буллитов - Вегас,2.17,1:1,Проигрыш,True,
18115996666,23:49:28,Пари на спорт,Одинар,,Проигрыш,266,-266,27.10.2025 00:00,Тампа-Бэй – Вегас,Поб 2,2.88,1:1,Проигрыш,True,
18113166570,22:38:46,Пари на спорт,Одинар,1.92,Выигрыш,100,192,26.10.2025 21:55,LIVE 13:20 1-я карта Aurora – Team Yandex,Поб 1,1.92,34:30,Выигрыш,True,
18112105984,22:19:40,Пари на спорт,Одинар,1.87,Выигрыш,200,374,26.10.2025 21:55,LIVE 3:8 1-я карта Aurora – Team Yandex,Поб 1,1.87,34:30,Выигрыш,True,
18108017216,21:09:09,Пари на спорт,Одинар,1.85,Проигрыш,776,-776,26.10.2025 21:55,Aurora – Team Yandex,Поб 1,1.85,1:2,Проигрыш,True,
18100109682,19:12:40,Пари на спорт,Одинар,2.16,Выигрыш,229,495,26.10.2025 17:40,LIVE 0:0 2-я карта BB Team – PARIVISION,Поб 1,2.16,26:16,Выигрыш,True,
18096776012,18:28:16,Пари на спорт,Одинар,1.80,Продано,413,604,26.10.2025 17:30,LIVE 1:1 Зенит – Динамо Москва,Поб 1 (осн. время),1.80,2:1,Выигрыш,True,
18091856179,17:24:27,Пари на спорт,Одинар,1.80,Выигрыш,250,200,26.10.2025 17:38,Давидович Фокина А – Фонсека Ж,Поб 2,1.80,0:2,Выигрыш,True,
18090597360,17:09:08,Пари на спорт,Одинар,2.41,Продано,260,402,26.10.2025 17:40,BB Team – PARIVISION,Поб 1,2.41,2:1,Выигрыш,True,
18088445579,16:40:52,Пари на спорт,Одинар,3.60,Проигрыш,240,-240,26.10.2025 18:15,Реал Мадрид – Барселона,Поб 2 (осн. время),3.60,2:1,Проигрыш,True,
18088404552,16:40:16,Пари на спорт,Одинар,1.80,Выигрыш,236,425,26.10.2025 17:38,Давидович Фокина А – Фонсека Ж,Поб 2,1.80,0:2,Выигрыш,True,
18088398970,16:40:11,Пари на спорт,Одинар,2.38,Продано,236,360,26.10.2025 17:40,BB Team – PARIVISION,Поб 1,2.38,2:1,Выигрыш,True,
18088389813,16:40:03,Пари на спорт,Одинар,2.40,Проигрыш,236,-236,26.10.2025 17:00,Торпедо НН – Автомобилист,Поб 2,2.40,7:4,Проигрыш,True,
18088381978,16:39:56,Пари на спорт,Одинар,2.20,Выигрыш,236,519,26.10.2025 17:00,Северсталь – Шанхай Дрэгонс,Поб 1,2.20,4:1,Выигрыш,True,
18088362759,16:39:40,Пари на спорт,Одинар,,Проигрыш,236,-236,26.10.2025 17:00,Астон Вилла – Манчестер Сити,Поб 2 (осн. время),1.82,1:0,Проигрыш,True,
18088354946,16:39:33,Пари на спорт,Одинар,1.75,Выигрыш,236,413,26.10.2025 17:30,Зенит – Динамо Москва,Обе забьют - да,1.75,1:1,Выигрыш,True,
18075530821,13:09:25,Пари на спорт,Одинар,1.75,Проигрыш,699,-699,26.10.2025 13:00,LIVE 0:0 Акрон – Локомотив Москва,Поб 2 (осн. время),1.75,1:1,Проигрыш,True,
18067643299,10:06:33,Пари на спорт,Экспресс × 2,1.96,Выигрыш,1 000,1 960,26.10.2025 14:00,Nigma Galaxy – MOUZ,Поб 2,1.45,1:2,Выигрыш,True,
18065433048,08:52:58,Пари на спорт,Одинар,1.85,Выигрыш,378,699,26.10.2025 11:00,Legacy – Team Liquid,Кол-во карт > 2.5,1.85,1:1,Выигрыш,True,
18056254003,00:22:39,Пари на спорт,Одинар,2.25,Проигрыш,250,-250,26.10.2025 00:00,LIVE 0:0 Торонто – Баффало,Поб 1,2.25,3:3,Проигрыш,True,
18056248642,00:22:30,Пари на спорт,Одинар,1.85,Выигрыш,250,463,26.10.2025 00:00,LIVE 0:0 Тампа-Бэй – Анахайм,Поб 1,1.85,4:3,Выигрыш,True,
18056233468,00:22:05,Пари на спорт,Одинар,2.25,Проигрыш,250,-250,26.10.2025 02:00,Вашингтон – Оттава,Поб 1,2.25,1:7,Проигрыш,True,
18055941524,00:14:42,Пари на спорт,Одинар,2.03,Проигрыш,500,-500,26.10.2025 00:00,LIVE 0:0 Торонто – Баффало,Поб 1,2.03,3:3,Проигрыш,True,
18055169439,23:58:35,Пари на спорт,Одинар,1.83,Выигрыш,500,915,26.10.2025 00:00,Тампа-Бэй – Анахайм,Поб 1,1.83,4:3,Выигрыш,True,
18051188981,22:33:24,Пари на спорт,Одинар,2.10,Проигрыш,250,-250,25.10.2025 22:45,Вирна Жандироба – Маккензи Дерн,Поб 1,2.10,0:5,Проигрыш,True,
18049654700,22:06:04,Пари на спорт,Одинар,1.77,Проигрыш,450,-450,25.10.2025 22:00,Бостон – Колорадо,Поб 2,1.77,3:2,Проигрыш,True,
18047266159,21:30:08,Пари на спорт,Одинар,2.30,Выигрыш,200,460,25.10.2025 21:35,Александр Волков – Жаилтон Алмейда,Поб 1,2.30,3:0,Выигрыш,True,
18047020056,21:26:43,Пари на спорт,Одинар,1.93,Проигрыш,240,-240,25.10.2025 22:06,карты Team Spirit – Aurora,Фора 1 (-1.5),1.93,2:1,Проигрыш,True,
18046316695,21:15:15,Пари на спорт,Одинар,1.80,Выигрыш,300,540,25.10.2025 21:15,Александр Ракич – Азамат Мурзаканов,Поб 2,1.80,0:1,Выигрыш,True,
18046054406,21:11:13,Пари на спорт,Одинар,2.30,Выигрыш,300,690,25.10.2025 21:35,Александр Волков – Жаилтон Алмейда,Поб 1,2.30,3:0,Выигрыш,True,
18040672692,19:48:01,Пари на спорт,Одинар,1.93,Проигрыш,200,-200,25.10.2025 22:06,карты Team Spirit – Aurora,Фора 1 (-1.5),1.93,2:1,Проигрыш,True,
18039940113,19:37:13,Пари на спорт,Одинар,1.93,Проигрыш,237,-237,25.10.2025 22:06,карты Team Spirit – Aurora,Фора 1 (-1.5),1.93,2:1,Проигрыш,True,
18035920832,18:47:17,Пари на спорт,Одинар,1.85,Выигрыш,200,370,25.10.2025 17:23,LIVE 0:0 2-я карта Team Liquid – ViCi Gaming,Поб 1,1.85,30:20,Выигрыш,True,
18034974444,18:34:33,Пари на спорт,Одинар,1.65,Проигрыш,297,-297,25.10.2025 18:25,LIVE 0:0 Умбер У – Давидович Фокина А,Поб 1,1.65,0:2,Проигрыш,True,
18030075838,17:25:08,Пари на спорт,Одинар,1.92,Выигрыш,293,563,25.10.2025 18:05,Музетти Л – Зверев А,Поб 2,1.92,0:2,Выигрыш,True,
18024494434,16:05:39,Пари на спорт,Одинар,1.68,Выигрыш,300,504,25.10.2025 17:23,Team Liquid – ViCi Gaming,Поб 1,1.68,2:0,Выигрыш,True,
18024267591,16:03:08,Пари на спорт,Одинар,1.73,Выигрыш,50,87,25.10.2025 16:06,Фонсека Ж – Мунар Х,Поб 1,1.73,2:0,Выигрыш,True,
18022998861,15:44:58,Пари на спорт,Одинар,1.75,Выигрыш,200,350,25.10.2025 13:30,LIVE 3:3 Сибирь – Трактор,Победа с учетом ОТ и буллитов - Трактор,1.75,3:3,Выигрыш,True,
18021516947,15:19:58,Пари на спорт,Одинар,1.70,Выигрыш,300,510,25.10.2025 16:06,Фонсека Ж – Мунар Х,Поб 1,1.70,2:0,Выигрыш,True,
18013626035,13:08:44,Пари на спорт,Экспресс × 2,1.60,Выигрыш,500,800,25.10.2025 13:36,Tundra Esports – Nigma Galaxy,Поб 1,1.23,2:1,Выигрыш,True,
18013485028,13:05:55,Пари на спорт,Одинар,1.83,Проигрыш,100,-100,25.10.2025 13:36,карты Tundra Esports – Nigma Galaxy,Фора 1 (-1.5),1.83,2:1,Проигрыш,True,
18013475368,13:05:44,Пари на спорт,Одинар,1.93,Выигрыш,100,193,25.10.2025 15:14,карты MOUZ – Yakult Brothers,Фора 1 (-1.5),1.93,2:0,Выигрыш,True,
18013459895,13:05:23,Пари на спорт,Одинар,1.85,Проигрыш,210,-210,25.10.2025 13:30,Сибирь – Трактор,Поб 2,1.85,3:3,Проигрыш,True,
18007497587,10:58:11,Пари на спорт,Одинар,1.90,Проигрыш,300,-300,25.10.2025 11:00,Heroic – Team Yandex,Кол-во карт > 2.5,1.90,0:2,Проигрыш,True,
18007375685,10:55:07,Пари на спорт,Одинар,1.70,Выигрыш,300,510,25.10.2025 11:37,Бланше У – Куинн И,Поб 2,1.70,0:2,Выигрыш,True,
18007337807,10:54:15,Пари на спорт,Одинар,2.38,Выигрыш,378,900,25.10.2025 11:00,Heroic – Team Yandex,Поб 2,2.38,0:2,Выигрыш,True,
18001864147,08:02:56,Пари на спорт,Одинар,1.70,Выигрыш,575,978,25.10.2025 07:07,LIVE 0:0 Бенчич Б – Кенин С,Поб 1,1.70,2:1,Выигрыш,True,
17992193140,23:49:49,Пари на спорт,Одинар,2.15,Выигрыш,500,1 075,25.10.2025 03:00,Виннипег – Калгари,Поб 1,2.15,5:3,Выигрыш,True,
17989110272,22:46:01,Пари на спорт,Одинар,1.53,Проигрыш,281,-281,24.10.2025 21:42,LIVE 0:0 2-я карта фраги Team Falcons – Team Liquid,> 43.5,1.53,26:11,Проигрыш,True,
17986088207,21:51:51,Пари на спорт,Одинар,1.70,Выигрыш,120,204,24.10.2025 21:42,LIVE 0:0 1-я карта фраги Team Falcons – Team Liquid,Фора 1 (-10.5),1.70,34:16,Выигрыш,True,
17984036804,21:22:34,Пари на спорт,Одинар,1.77,Выигрыш,294,520,24.10.2025 19:10,LIVE 1:1 Динамо Минск – Шанхай Дрэгонс,Победа с учетом ОТ и буллитов - Динамо Минск,1.77,1:1,Выигрыш,True,
17973853215,18:56:03,Пари на спорт,Одинар,1.77,Выигрыш,100,177,24.10.2025 21:42,1-я карта Team Falcons – Team Liquid,Фора 1 (-9.5),1.77,34:16,Выигрыш,True,
17973833118,18:55:46,Пари на спорт,Одинар,1.90,Проигрыш,206,-206,24.10.2025 19:10,Динамо Минск – Шанхай Дрэгонс,Поб 1,1.90,1:1,Проигрыш,True,
17971228918,18:18:32,Пари на спорт,Одинар,2.00,Проигрыш,146,-146,24.10.2025 19:00,Team Spirit – Heroic,Кол-во карт > 2.5,2.00,2:0,Проигрыш,True,
17971225315,18:18:28,Пари на спорт,Одинар,1.47,Выигрыш,200,294,24.10.2025 19:00,Team Spirit – Heroic,Поб 1,1.47,2:0,Выигрыш,True,
17971215318,18:18:18,Пари на спорт,Одинар,1.53,Выигрыш,200,306,24.10.2025 17:10,LIVE 0:0 2-я карта Yakult Brothers – Team Yandex,Поб 2,1.53,12:32,Выигрыш,True,
17967071802,17:12:08,Пари на спорт,Экспресс × 2,2.26,Проигрыш,293,-293,24.10.2025 14:45,LIVE 1:1 PARIVISION – Aurora,Поб 1,1.45,1:2,Проигрыш,True,
17963865071,16:17:48,Пари на спорт,Одинар,1.82,Выигрыш,300,546,24.10.2025 16:37,Фонсека Ж – Шаповалов Д,Поб 1,1.82,2:1,Выигрыш,True,
17963801407,16:16:39,Пари на спорт,Одинар,1.80,Продано,252,293,24.10.2025 14:45,LIVE 0:1 PARIVISION – Aurora,Поб 1,1.80,1:2,Проигрыш,True,
17956585804,14:13:14,Пари на спорт,Одинар,1.94,Проигрыш,500,-500,24.10.2025 14:45,карты PARIVISION – Aurora,Фора 1 (-1.5),1.94,1:2,Проигрыш,True,
17946435411,09:48:44,Пари на спорт,Одинар,1.40,Проигрыш,798,-798,24.10.2025 11:00,Tundra Esports – BB Team,Поб 1,1.40,1:2,Проигрыш,True,
17944024457,07:57:50,Пари на спорт,Одинар,1.90,Выигрыш,420,798,24.10.2025 08:07,Сунь Лулу – Макнэлли К,> 21.5,1.90,9:9,Выигрыш,True,
17936478699,00:13:37,Пари на спорт,Одинар,2.35,Проигрыш,119,-119,24.10.2025 02:00,Бостон – Анахайм,Поб 1,2.35,5:7,Проигрыш,True,
17936473931,00:13:30,Пари на спорт,Одинар,2.12,Проигрыш,120,-120,24.10.2025 04:00,Даллас – Лос-Анджелес,Поб 1,2.12,2:2,Проигрыш,True,
17936424412,00:12:05,Пари на спорт,Одинар,1.75,Выигрыш,240,420,24.10.2025 02:30,Индиана – Оклахома-Сити,Фора 1 (+8.5),1.75,135:141,Выигрыш,True,
17931230199,22:22:17,Пари на спорт,Одинар,1.85,Проигрыш,500,-500,24.10.2025 02:00,Флорида – Питтсбург,Поб 1,1.85,3:5,Проигрыш,True,
17929642408,21:58:54,Пари на спорт,Одинар,1.90,Выигрыш,252,479,23.10.2025 22:15,карты Team Spirit – Team Yandex,Фора 1 (-1.5),1.90,2:0,Выигрыш,True,
17918803304,19:32:17,Пари на спорт,Одинар,2.10,Выигрыш,220,462,23.10.2025 19:30,LIVE 0:0 Спартак – Динамо Москва,Победа с учетом ОТ и буллитов - Динамо Москва,2.10,0:5,Выигрыш,True,
17915373830,18:46:48,Пари на спорт,Экспресс × 2,1.95,Проигрыш,100,-100,23.10.2025 19:00,Нефтехимик – Металлург Мг,Победа с учетом ОТ и буллитов - Металлург Мг,1.37,5:3,Проигрыш,True,
17915359783,18:46:36,Пари на спорт,Одинар,2.90,Выигрыш,100,290,23.10.2025 19:30,Спартак – Динамо Москва,Поб 2,2.90,0:5,Выигрыш,True,
17915353628,18:46:31,Пари на спорт,Одинар,1.65,Проигрыш,300,-300,23.10.2025 19:00,Нефтехимик – Металлург Мг,Поб 2,1.65,5:3,Проигрыш,True,
17914822088,18:39:31,Пари на спорт,Одинар,1.75,Проигрыш,200,-200,23.10.2025 16:30,LIVE 0:0 овертайм Авангард – Северсталь,Победа с учетом ОТ и буллитов - Авангард,1.75,0:1,Проигрыш,True,
17914644157,18:36:53,Пари на спорт,Одинар,1.75,Проигрыш,300,-300,23.10.2025 16:30,LIVE 3:3 Авангард – Северсталь,Победа с учетом ОТ и буллитов - Авангард,1.75,3:3,Проигрыш,True,
17910356408,17:29:58,Пари на спорт,Одинар,2.45,Проигрыш,340,-340,23.10.2025 18:10,Серундоло Ф – Бублик А,Поб 1,2.45,0:2,Проигрыш,True,
17910233812,17:27:52,Пари на спорт,Одинар,1.64,Проигрыш,200,-200,23.10.2025 17:20,LIVE 0:0 Мунар Х – Шелтон Б,Поб 2,1.64,2:0,Проигрыш,True,
17908708442,17:01:07,Пари на спорт,Одинар,2.20,Выигрыш,100,220,23.10.2025 17:00,LIVE 0:0 Автомобилист – Трактор,Поб 1,2.20,5:3,Выигрыш,True,
17906691431,16:24:07,Пари на спорт,Одинар,,Проигрыш,479,-479,23.10.2025 16:30,Авангард – Северсталь,Поб 1,1.77,3:3,Проигрыш,True,
17906038957,16:10:46,Пари на спорт,Одинар,1.85,Выигрыш,210,389,23.10.2025 15:15,LIVE 18:21 1-я карта BB Team – Virtus.Pro,Поб 1,1.85,32:24,Выигрыш,True,
17904768959,15:44:17,Пари на спорт,Одинар,2.35,Проигрыш,100,-100,23.10.2025 13:10,LIVE 1:1 Берреттини М – Норри К,Поб 2,2.35,2:1,Проигрыш,True,
17904586547,15:40:41,Пари на спорт,Одинар,1.95,Проигрыш,139,-139,23.10.2025 13:10,LIVE 1:1 Берреттини М – Норри К,Поб 2,1.95,2:1,Проигрыш,True,
17901348330,14:32:25,Пари на спорт,Экспресс × 2,1.97,Проигрыш,304,-304,23.10.2025 17:20,Мунар Х – Шелтон Б,Поб 2,1.47,2:0,Проигрыш,True,
17900043676,14:01:01,Пари на спорт,Одинар,1.60,Выигрыш,190,304,23.10.2025 11:00,LIVE 1:1 Heroic – Yakult Brothers,Поб 1,1.60,2:1,Выигрыш,True,
17897859573,13:07:49,Пари на спорт,Одинар,4.35,Проигрыш,210,-210,23.10.2025 11:00,LIVE 19:23 2-я карта Heroic – Yakult Brothers,Поб 1,4.35,23:33,Проигрыш,True,
17897203649,12:51:48,Пари на спорт,Одинар,1.80,Выигрыш,300,540,23.10.2025 15:15,карты BB Team – Virtus.Pro,Фора 1 (-1.5),1.80,2:0,Выигрыш,True,
17895799835,12:15:17,Пари на спорт,Одинар,2.28,Выигрыш,150,342,23.10.2025 13:10,Берреттини М – Норри К,Кол-во сетов > 2.5,2.28,1:1,Выигрыш,True,
17895794969,12:15:10,Пари на спорт,Одинар,1.98,Выигрыш,150,297,23.10.2025 13:10,Берреттини М – Норри К,> 23.5,1.98,12:11,Выигрыш,True,
17889923388,08:58:35,Пари на спорт,Одинар,1.62,Проигрыш,334,-334,23.10.2025 11:00,карты Aurora – Runa Team,Фора 2 (+1.5),1.62,2:0,Проигрыш,True,
17876720830,22:49:17,Пари на спорт,Одинар,1.80,Проигрыш,386,-386,22.10.2025 22:00,LIVE 0:0 Аталанта – Славия Прага,Поб 1 (осн. время),1.80,0:0,Проигрыш,True,
17872382850,21:49:14,Пари на спорт,Одинар,1.57,Выигрыш,883,1 386,22.10.2025 22:00,Айнтрахт Франкфурт – Ливерпуль,Поб 2 (осн. время),1.57,1:5,Выигрыш,True,
17858256400,18:44:36,Пари на спорт,Одинар,1.85,Выигрыш,200,370,22.10.2025 19:30,СКА – ЦСКА,> 5,1.85,2:4,Выигрыш,True,
17858244790,18:44:24,Пари на спорт,Одинар,2.00,Выигрыш,200,400,22.10.2025 19:30,ХК Сочи – Торпедо НН,Поб 2,2.00,1:3,Выигрыш,True,
17858216969,18:44:01,Пари на спорт,Одинар,1.67,Выигрыш,200,334,22.10.2025 22:05,Бруксби Дж – Давидович Фокина А,Поб 2,1.67,1:2,Выигрыш,True,
17858212139,18:43:56,Пари на спорт,Одинар,1.00,Возврат,200,200,22.10.2025 22:45,Меншик Я – Фонсека Ж,Поб 2,1.68,отмена события,Возврат,True,
17858190665,18:43:37,Пари на спорт,Одинар,2.00,Выигрыш,200,400,22.10.2025 19:00,Ак Барс – Локомотив Ярославль,Победа с учетом ОТ и буллитов - Ак Барс,2.00,1:0,Выигрыш,True,
17858169815,18:43:18,Пари на спорт,Одинар,1.75,Выигрыш,179,313,22.10.2025 18:00,LIVE 0:0 Лада – Динамо Минск,Поб 2,1.75,0:4,Выигрыш,True,
17804555188,20:18:07,Пари на спорт,Одинар,1.98,Выигрыш,86,170,21.10.2025 19:10,LIVE 1:0 Майхшак К – Шелтон Б,Поб 2,1.98,1:2,Выигрыш,True,
17797693104,18:47:37,Пари на спорт,Одинар,1.90,Выигрыш,200,380,21.10.2025 19:45,Барселона – Олимпиакос Пирей,Барселона > 2.5,1.90,3:1,Выигрыш,True,
17797673277,18:47:18,Пари на спорт,Одинар,2.05,Проигрыш,70,-70,21.10.2025 19:30,Спартак – Шанхай Дрэгонс,Поб 1,2.05,6:6,Проигрыш,True,
17794295620,17:55:33,Пари на спорт,Экспресс × 2,1.95,Выигрыш,100,195,21.10.2025 19:10,Майхшак К – Шелтон Б,Поб 2,1.50,1:2,Выигрыш,True,
17793755674,17:47:49,Пари на спорт,Одинар,1.85,Выигрыш,200,370,21.10.2025 17:20,LIVE 0:0 2-й сет Норри К – Рублев А,Поб 2,1.85,6:7,Выигрыш,True,
17783666408,14:50:03,Пари на спорт,Одинар,1.78,Проигрыш,200,-200,21.10.2025 17:20,Мпетши-Перрикар Дж – Фонсека Ж,Поб 1,1.78,0:2,Проигрыш,True,
17783651585,14:49:45,Пари на спорт,Одинар,1.93,Выигрыш,200,386,21.10.2025 18:55,Серундоло Ф – Микелсен А,Поб 1,1.93,2:0,Выигрыш,True,
17783631737,14:49:20,Пари на спорт,Одинар,1.47,Проигрыш,268,-268,21.10.2025 17:20,Норри К – Рублев А,Поб 2,1.47,2:1,Проигрыш,True,
17776253193,12:03:49,Пари на спорт,Одинар,1.90,Проигрыш,300,-300,21.10.2025 12:30,Адмирал – Северсталь,Победа с учетом ОТ и буллитов - Адмирал,1.90,1:4,Проигрыш,True,
17771394506,09:36:25,Пари на спорт,Одинар,1.52,Выигрыш,308,468,21.10.2025 11:15,Чжан Шуай – Захарова А,Поб 1,1.52,2:0,Выигрыш,True,
17768141077,07:13:45,Пари на спорт,Одинар,2.04,Выигрыш,200,408,21.10.2025 07:27,Боусас-Манейро Дж – Сунь Лулу,Поб 2,2.04,0:2,Выигрыш,True,
17768124925,07:13:02,Пари на спорт,Одинар,1.87,Проигрыш,143,-143,21.10.2025 11:10,Утидзима М – Кенин С,> 21.5,1.87,4:12,Проигрыш,True,
17766967085,06:00:11,Пари на спорт,Одинар,2.65,Выигрыш,200,530,21.10.2025 04:30,LIVE 1:0 Калгари – Виннипег,Победа с учетом ОТ и буллитов - Виннипег,2.65,1:2,Выигрыш,True,
17766545099,05:27:48,Пари на спорт,Одинар,2.25,Выигрыш,228,513,21.10.2025 04:30,LIVE 0:0 Калгари – Виннипег,Поб 2,2.25,1:2,Выигрыш,True,
17744492426,18:46:18,Пари на спорт,Одинар,1.53,Проигрыш,142,-142,20.10.2025 21:20,Хачанов К – Грикспор Т,Поб 1,1.53,1:2,Проигрыш,True,
17744478719,18:46:06,Пари на спорт,Одинар,1.00,Возврат,150,150,20.10.2025 19:00,Динамо Москва – Локомотив Ярославль,> 5,1.90,2:3,Возврат,True,
17744466372,18:45:53,Пари на спорт,Одинар,2.10,Проигрыш,150,-150,20.10.2025 19:30,ЦСКА – Динамо Минск,Победа с учетом ОТ и буллитов - Динамо Минск,2.10,5:3,Проигрыш,True,
17744458258,18:45:46,Пари на спорт,Одинар,1.85,Выигрыш,150,278,20.10.2025 19:30,ЦСКА – Динамо Минск,> 5,1.85,4:2,Выигрыш,True,
17736264525,16:06:31,Пари на спорт,Одинар,1.40,Проигрыш,500,-500,20.10.2025 15:30,LIVE 12:11 1-я карта Pipsqueak+4 – Kalmychata,Поб 1,1.40,21:30,Проигрыш,True,
17731005686,14:07:04,Пари на спорт,Одинар,1.85,Выигрыш,162,300,20.10.2025 15:30,Pipsqueak+4 – Kalmychata,Кол-во карт > 2.5,1.85,1:1,Выигрыш,True,
17731000136,14:06:57,Пари на спорт,Одинар,1.80,Выигрыш,162,292,20.10.2025 15:30,Pipsqueak+4 – Kalmychata,Поб 2,1.80,1:2,Выигрыш,True,
17659817783,04:52:20,Пари на спорт,Экспресс × 3,3.43,Проигрыш,470,-470,19.10.2025 05:00,Вегас – Калгари,Победа с учетом ОТ и буллитов - Вегас,1.42,6:1,Выигрыш,True,
17657557964,02:21:39,Пари на спорт,Одинар,2.85,Проигрыш,250,-250,19.10.2025 02:00,LIVE 1:0 Коламбус – Тампа-Бэй,Победа с учетом ОТ и буллитов - Тампа-Бэй,2.85,3:2,Проигрыш,True,
17657554866,02:21:26,Пари на спорт,Одинар,1.88,Проигрыш,250,-250,19.10.2025 02:00,LIVE 0:0 Филадельфия – Миннесота,Победа с учетом ОТ и буллитов - Миннесота,1.88,1:1,Проигрыш,True,
17657434251,02:14:21,Пари на спорт,Одинар,1.88,Выигрыш,250,470,19.10.2025 02:00,LIVE 0:0 Виннипег – Нэшвилл,Поб 1,1.88,4:1,Выигрыш,True,
17657431983,02:14:14,Пари на спорт,Одинар,2.30,Проигрыш,250,-250,19.10.2025 02:00,LIVE 0:0 Сент-Луис – Даллас,Поб 2,2.30,3:1,Проигрыш,True,
17652754813,23:35:44,Пари на спорт,Одинар,1.87,Проигрыш,370,-370,18.10.2025 22:30,LIVE 0:0 Нью-Джерси – Эдмонтон,Победа с учетом ОТ и буллитов - Эдмонтон,1.87,5:3,Проигрыш,True,
17637151215,19:21:48,Пари на спорт,Одинар,2.07,Проигрыш,615,-615,18.10.2025 20:00,Баффало – Флорида,Поб 2,2.07,3:0,Проигрыш,True,
17628321573,17:20:21,Пари на спорт,Одинар,1.73,Выигрыш,210,363,18.10.2025 17:00,LIVE 0:0 FURIA Esports – Aurora,Счет после 2-х карт - 2:0,1.73,2:0,Выигрыш,True,
17618096137,14:55:02,Пари на спорт,Одинар,2.45,Выигрыш,75,109,18.10.2025 14:30,LIVE 0:0 Ноттингем Форест – Челси,Поб 2 (осн. время),2.45,0:3,Выигрыш,True,
17617800402,14:50:40,Пари на спорт,Одинар,1.85,Выигрыш,200,370,18.10.2025 20:30,Natus Vincere – The Mongolz,Кол-во карт > 2.5,1.85,1:1,Выигрыш,True,
17617753047,14:49:58,Пари на спорт,Одинар,1.98,Проигрыш,200,-200,18.10.2025 15:45,Руне Х – Умбер У,Поб 1,1.98,1:2,Проигрыш,True,
17617745868,14:49:52,Пари на спорт,Одинар,2.12,Выигрыш,200,424,18.10.2025 17:00,СКА – Локомотив Ярославль,Поб 2,2.12,1:3,Выигрыш,True,
17617740148,14:49:46,Пари на спорт,Одинар,2.00,Проигрыш,200,-200,18.10.2025 20:30,Natus Vincere – The Mongolz,Поб 2,2.00,2:1,Проигрыш,True,
17617735079,14:49:41,Пари на спорт,Экспресс × 2,1.98,Проигрыш,200,-200,18.10.2025 17:00,FURIA Esports – Aurora,Поб 1,1.55,2:0,Выигрыш,True,
17617725199,14:49:31,Пари на спорт,Экспресс × 2,1.88,Проигрыш,200,-200,18.10.2025 17:10,Tundra Esports – Team Aureus,Поб 1,1.28,23:29,Проигрыш,True,
17617719104,14:49:26,Пари на спорт,Одинар,1.64,Выигрыш,200,328,18.10.2025 18:02,Team Spirit – Heroic,Поб 1,1.64,41:19,Выигрыш,True,
17617710458,14:49:16,Пари на спорт,Одинар,1.47,Проигрыш,200,-200,18.10.2025 15:58,Team Spirit – MOUZ,Поб 1,1.47,10:35,Проигрыш,True,
17615946235,14:20:37,Пари на спорт,Одинар,1.85,Выигрыш,325,601,18.10.2025 14:30,Ноттингем Форест – Челси,> 2.5,1.85,0:3,Выигрыш,True,
17603973989,10:24:44,Пари на спорт,Одинар,1.85,Выигрыш,500,925,18.10.2025 11:50,Heroic – Legacy,Кол-во карт > 2.5,1.85,1:1,Выигрыш,True,
17603970908,10:24:40,Пари на спорт,Одинар,2.04,Проигрыш,500,-500,18.10.2025 11:50,Heroic – Legacy,Поб 1,2.04,1:2,Проигрыш,True,
17602213561,09:39:37,Пари на спорт,Одинар,2.10,Проигрыш,240,-240,18.10.2025 08:00,LIVE 1:1 Team Liquid – 3DMAX,Поб 1,2.10,1:2,Проигрыш,True,
17598291430,07:19:42,Пари на спорт,Одинар,1.68,Проигрыш,500,-500,18.10.2025 08:00,Team Liquid – 3DMAX,Поб 1,1.68,1:2,Проигрыш,True,
17597747657,06:51:22,Пари на спорт,Одинар,1.85,Выигрыш,400,740,18.10.2025 08:00,Team Liquid – 3DMAX,Кол-во карт > 2.5,1.85,1:1,Выигрыш,True,
17597746573,06:51:18,Пари на спорт,Одинар,1.68,Проигрыш,470,-470,18.10.2025 08:00,Team Liquid – 3DMAX,Поб 1,1.68,1:2,Проигрыш,True,
17597014898,06:12:13,Пари на спорт,Одинар,2.20,Проигрыш,301,-301,18.10.2025 03:30,LIVE 2:2 Чикаго – Ванкувер,Победа с учетом ОТ и буллитов - Чикаго,2.20,2:2,Проигрыш,True,
17596728124,05:53:19,Пари на спорт,Одинар,1.67,Выигрыш,1 000,1 670,18.10.2025 03:30,LIVE 2:2 Чикаго – Ванкувер,< 5.5,1.67,2:2,Выигрыш,True,
17596122037,05:11:50,Пари на спорт,Одинар,3.90,Проигрыш,98,-98,18.10.2025 04:00,LIVE 2:2 Юта – Сан-Хосе,Поб 2,3.90,6:3,Проигрыш,True,
17595657841,04:39:49,Пари на спорт,Одинар,2.00,Выигрыш,300,600,18.10.2025 02:00,LIVE 0:0 овертайм Детройт – Тампа-Бэй,Победа с учетом ОТ и буллитов - Детройт,2.00,1:0,Выигрыш,True,
17595654171,04:39:36,Пари на спорт,Одинар,2.00,Выигрыш,249,498,18.10.2025 02:00,LIVE 0:0 овертайм Детройт – Тампа-Бэй,Победа с учетом ОТ и буллитов - Детройт,2.00,1:0,Выигрыш,True,
17595282623,04:12:37,Пари на спорт,Одинар,1.50,Проигрыш,400,-400,18.10.2025 02:00,LIVE 1:0 Детройт – Тампа-Бэй,Поб 1,1.50,1:1,Проигрыш,True,
17594595510,03:19:41,Пари на спорт,Одинар,1.67,Выигрыш,300,501,18.10.2025 04:00,Юта – Сан-Хосе,> 5.5,1.67,4:2,Выигрыш,True,
17594594876,03:19:38,Пари на спорт,Одинар,1.70,Проигрыш,300,-300,18.10.2025 03:30,Чикаго – Ванкувер,> 5.5,1.70,2:2,Проигрыш,True,
17594357168,03:02:00,Пари на спорт,Одинар,1.65,Выигрыш,333,549,18.10.2025 02:00,LIVE 1:0 Вашингтон – Миннесота,> 4.5,1.65,4:1,Выигрыш,True,
17594355778,03:01:55,Пари на спорт,Одинар,1.60,Проигрыш,334,-334,18.10.2025 02:00,LIVE 1:0 Детройт – Тампа-Бэй,> 4.5,1.60,1:1,Проигрыш,True,
17569242444,18:18:44,Пари на спорт,Одинар,2.10,Проигрыш,400,-400,17.10.2025 19:03,Heroic – Natus Vincere,Поб 2,2.10,32:16,Проигрыш,True,
17569014752,18:14:55,Пари на спорт,Одинар,1.66,Проигрыш,300,-300,17.10.2025 19:30,ХК Сочи – Автомобилист,Поб 2,1.66,2:2,Проигрыш,True,
17569009683,18:14:50,Пари на спорт,Одинар,2.00,Выигрыш,300,600,17.10.2025 19:00,Торпедо НН – ЦСКА,Поб 2,2.00,0:1,Выигрыш,True,
17560220443,15:43:02,Пари на спорт,Одинар,1.80,Проигрыш,200,-200,17.10.2025 20:15,Team Liquid – Aurora,Поб 2,1.80,30:6,Проигрыш,True,
17559403240,15:27:48,Пари на спорт,Одинар,1.62,Проигрыш,200,-200,17.10.2025 17:05,BB Team – MOUZ,Поб 1,1.62,28:34,Проигрыш,True,
17559392596,15:27:36,Пари на спорт,Одинар,2.35,Выигрыш,200,470,17.10.2025 20:12,Team Falcons – Tundra Esports,Поб 2,2.35,18:32,Выигрыш,True,
17559387489,15:27:30,Пари на спорт,Одинар,1.57,Выигрыш,230,361,17.10.2025 21:30,Natus Vincere – Team Aureus,Поб 1,1.57,18:5,Выигрыш,True,
17559122741,15:22:48,Пари на спорт,Экспресс × 2,1.91,Проигрыш,270,-270,17.10.2025 19:40,Спиццирри Э – Оже-Альяссим Ф,Поб 2,1.30,0:2,Выигрыш,True,
17559103443,15:22:29,Пари на спорт,Экспресс × 2,2.12,Выигрыш,300,636,17.10.2025 16:10,Руне Х – Этчеверри Т-М,Поб 1,1.26,2:1,Выигрыш,True,
17556752787,14:45:14,Пари на спорт,Одинар,2.10,Проигрыш,668,-668,17.10.2025 12:00,LIVE 1:1 Legacy – FUT Esports,Поб 2,2.10,2:1,Проигрыш,True,
17550555524,13:00:41,Пари на спорт,Одинар,2.35,Проигрыш,300,-300,17.10.2025 12:30,LIVE 1:1 Адмирал – Спартак,Поб 2,2.35,3:3,Проигрыш,True,
17545215686,10:48:20,Пари на спорт,Одинар,1.85,Выигрыш,523,968,17.10.2025 12:00,Legacy – FUT Esports,Кол-во карт > 2.5,1.85,1:1,Выигрыш,True,
17540223949,07:38:20,Пари на спорт,Одинар,1.58,Выигрыш,1 597,2 523,17.10.2025 08:00,Fnatic – 3DMAX,Поб 2,1.58,1:2,Выигрыш,True,
17538663417,06:19:13,Пари на спорт,Одинар,2.02,Проигрыш,107,-107,17.10.2025 05:00,LIVE 2:2 Лос-Анджелес – Питтсбург,Поб 1,2.02,2:4,Проигрыш,True,
17537483143,05:01:10,Пари на спорт,Одинар,1.85,Выигрыш,393,727,17.10.2025 05:00,Анахайм – Каролина,Поб 2,1.85,1:4,Выигрыш,True,
17537480588,05:01:00,Пари на спорт,Одинар,1.82,Проигрыш,393,-393,17.10.2025 05:00,Лос-Анджелес – Питтсбург,Поб 1,1.82,2:4,Проигрыш,True,
17537181190,04:41:15,Пари на спорт,Одинар,2.50,Проигрыш,254,-254,17.10.2025 03:00,LIVE 2:4 Даллас – Ванкувер,Фора 1 (+1.5),2.50,3:5,Проигрыш,True,
17536193857,03:23:31,Пари на спорт,Одинар,2.30,Проигрыш,90,-90,17.10.2025 03:00,LIVE 0:0 2-й период Даллас – Ванкувер,Поб 1,2.30,0:4,Проигрыш,True,
17535938441,03:03:18,Пари на спорт,Одинар,2.03,Проигрыш,200,-200,17.10.2025 02:00,LIVE 0:1 Нью-Джерси – Флорида,Поб 2,2.03,3:1,Проигрыш,True,
17535853217,02:56:08,Пари на спорт,Одинар,1.98,Проигрыш,400,-400,17.10.2025 03:00,Даллас – Ванкувер,Поб 1,1.98,3:5,Проигрыш,True,
17534598020,01:27:07,Пари на спорт,Одинар,2.35,Проигрыш,243,-243,17.10.2025 02:00,1-й период Коламбус – Колорадо,Поб 2,2.35,0:0,Проигрыш,True,
17508135381,16:31:16,Пари на спорт,Одинар,1.80,Проигрыш,200,-200,17.10.2025 02:00,Монреаль – Нэшвилл,> 5.5,1.80,2:2,Проигрыш,True,
17508127360,16:31:07,Пари на спорт,Одинар,1.60,Продано,200,107,17.10.2025 05:00,Анахайм – Каролина,> 5.5,1.60,1:4,Проигрыш,True,
17508122327,16:31:02,Пари на спорт,Одинар,1.85,Выигрыш,200,370,17.10.2025 05:00,Анахайм – Каролина,Поб 2,1.85,1:4,Выигрыш,True,
17508119686,16:30:58,Пари на спорт,Одинар,1.83,Проигрыш,200,-200,17.10.2025 05:00,Лос-Анджелес – Питтсбург,Поб 1,1.83,2:4,Проигрыш,True,
17508116772,16:30:55,Пари на спорт,Одинар,1.88,Проигрыш,200,-200,17.10.2025 03:00,Даллас – Ванкувер,Поб 1,1.88,3:5,Проигрыш,True,
17508113284,16:30:51,Пари на спорт,Одинар,1.95,Проигрыш,200,-200,17.10.2025 02:30,Айлендерс – Эдмонтон,Поб 2,1.95,4:2,Проигрыш,True,
17508109407,16:30:46,Пари на спорт,Одинар,2.10,Проигрыш,200,-200,17.10.2025 02:00,Торонто – Рейнджерс,Поб 1,2.10,1:1,Проигрыш,True,
17508105093,16:30:41,Пари на спорт,Одинар,2.15,Выигрыш,200,430,17.10.2025 02:00,Филадельфия – Виннипег,Поб 2,2.15,2:5,Выигрыш,True,
17508102294,16:30:37,Пари на спорт,Одинар,2.00,Выигрыш,200,400,17.10.2025 02:00,Коламбус – Колорадо,Поб 2,2.00,1:4,Выигрыш,True,
17508099435,16:30:33,Пари на спорт,Одинар,2.05,Проигрыш,200,-200,17.10.2025 02:00,Монреаль – Нэшвилл,Поб 1,2.05,2:2,Проигрыш,True,
17506381253,15:55:44,Пари на спорт,Одинар,1.78,Выигрыш,300,534,16.10.2025 19:30,Шанхай Дрэгонс – Динамо Москва,Победа с учетом ОТ и буллитов - Динамо Москва,1.78,2:2,Выигрыш,True,
17506374304,15:55:36,Пари на спорт,Одинар,1.73,Выигрыш,300,519,16.10.2025 18:45,Natus Vincere – Aurora,Поб 1,1.73,2:1,Выигрыш,True,
17506361560,15:55:22,Пари на спорт,Одинар,1.85,Выигрыш,201,372,16.10.2025 16:25,StRoGo / ct0m – m0NESY / buster,Поб 2,1.85,0:2,Выигрыш,True,
17505127062,15:28:45,Пари на спорт,Одинар,1.50,Выигрыш,1 622,2 433,16.10.2025 12:39,LIVE 1:1 FUT Esports – FaZe Clan,Поб 1,1.50,2:1,Выигрыш,True,
17500573145,13:41:27,Пари на спорт,Одинар,2.35,Проигрыш,300,-300,16.10.2025 19:30,Шанхай Дрэгонс – Динамо Москва,Поб 2,2.35,2:2,Проигрыш,True,
17500558378,13:41:07,Пари на спорт,Одинар,2.45,Выигрыш,150,368,16.10.2025 12:45,LIVE 1:0 Virtus.Pro – 3DMAX,Поб 2,2.45,1:2,Выигрыш,True,
17500277568,13:33:50,Пари на спорт,Одинар,2.20,Проигрыш,150,-150,16.10.2025 12:39,LIVE 1:0 FUT Esports – FaZe Clan,Поб 2,2.20,2:1,Проигрыш,True,
17498582494,12:49:52,Пари на спорт,Одинар,1.68,Выигрыш,370,622,16.10.2025 14:00,m0NESY / buster – kyousuke / desout,Поб 1,1.68,2:0,Выигрыш,True,
17497442870,12:19:47,Пари на спорт,Одинар,1.67,Выигрыш,250,418,16.10.2025 16:59,Tundra Esports – MOUZ,Поб 1,1.67,32:16,Выигрыш,True,
17497438213,12:19:40,Пари на спорт,Одинар,1.60,Выигрыш,250,400,16.10.2025 19:40,Team Falcons – Team Spirit,Поб 1,1.60,38:35,Выигрыш,True,
17497431749,12:19:31,Пари на спорт,Одинар,1.60,Выигрыш,250,400,16.10.2025 20:27,BB Team – Yakult Brothers,Поб 1,1.60,31:34,Выигрыш,True,
17497175926,12:12:28,Пари на спорт,Экспресс × 2,2.23,Проигрыш,575,-575,16.10.2025 12:39,FUT Esports – FaZe Clan,Поб 2,1.42,2:1,Проигрыш,True,
17494988111,11:07:57,Пари на спорт,Одинар,1.85,Проигрыш,100,-100,16.10.2025 11:30,FURIA Esports – The Mongolz,Кол-во карт > 2.5,1.85,2:0,Проигрыш,True,
17494943613,11:06:42,Пари на спорт,Одинар,1.85,Проигрыш,100,-100,16.10.2025 11:30,FURIA Esports – The Mongolz,Кол-во карт > 2.5,1.85,2:0,Проигрыш,True,
17494938075,11:06:32,Пари на спорт,Одинар,2.08,Проигрыш,288,-288,16.10.2025 11:30,FURIA Esports – The Mongolz,Поб 2,2.08,2:0,Проигрыш,True,
17493737386,10:27:35,Пари на спорт,Одинар,2.20,Выигрыш,100,220,16.10.2025 09:00,LIVE 1:1 Fnatic – Heroic,Поб 2,2.20,1:2,Выигрыш,True,
17493347200,10:14:11,Пари на спорт,Одинар,1.98,Выигрыш,100,198,16.10.2025 09:30,LIVE 0:0 2-я карта Team Liquid – Legacy,Поб 1,1.98,13:6,Выигрыш,True,
17493265485,10:11:31,Пари на спорт,Одинар,1.90,Выигрыш,100,190,16.10.2025 09:30,LIVE 0:0 2-я карта Team Liquid – Legacy,Поб 1,1.90,13:6,Выигрыш,True,
17489727158,07:46:31,Пари на спорт,Одинар,1.65,Выигрыш,500,825,16.10.2025 09:30,Team Liquid – Legacy,Поб 1,1.65,2:1,Выигрыш,True,
17489724945,07:46:25,Пари на спорт,Одинар,1.65,Выигрыш,1 000,1 650,16.10.2025 09:30,Team Liquid – Legacy,Поб 1,1.65,2:1,Выигрыш,True,
17487849690,06:06:41,Пари на спорт,Одинар,1.75,Проигрыш,134,-134,16.10.2025 06:00,LIVE 0:0 1-я карта PaiN Gaming – FUT Esports,Поб 1,1.75,13:16,Проигрыш,True,
17487184543,05:21:11,Пари на спорт,Одинар,1.65,Проигрыш,725,-725,16.10.2025 06:00,PaiN Gaming – FUT Esports,Поб 1,1.65,0:2,Проигрыш,True,
17483588533,01:05:05,Пари на спорт,Одинар,2.50,Выигрыш,75,113,16.10.2025 02:00,Баффало – Оттава,Поб 1,2.50,8:4,Выигрыш,True,
17483364616,00:56:22,Пари на спорт,Одинар,1.68,Проигрыш,360,-360,16.10.2025 04:30,Сент-Луис – Чикаго,Поб 1,1.68,3:8,Проигрыш,True,
17483354384,00:56:03,Пари на спорт,Одинар,1.75,Выигрыш,362,634,16.10.2025 04:30,Сент-Луис – Чикаго,> 5.5,1.75,2:4,Выигрыш,True,
17483344014,00:55:46,Пари на спорт,Одинар,1.70,Выигрыш,360,612,16.10.2025 02:00,Баффало – Оттава,> 5.5,1.70,4:2,Выигрыш,True,
17483334562,00:55:30,Пари на спорт,Одинар,,Проигрыш,360,-360,16.10.2025 02:00,Детройт – Флорида,Поб 2,2.12,4:1,Проигрыш,True,
17482721391,00:27:36,Пари на спорт,Одинар,1.60,Выигрыш,300,480,15.10.2025 23:45,LIVE 0:0 2-я карта StRoGo / ct0m – deko / dangerlyoha,Поб 1,1.60,13:4,Выигрыш,True,
17482670352,00:25:40,Пари на спорт,Одинар,1.60,Выигрыш,226,362,15.10.2025 23:45,LIVE 0:0 2-я карта StRoGo / ct0m – deko / dangerlyoha,Поб 1,1.60,13:4,Выигрыш,True,
17472937056,20:58:09,Пари на спорт,Одинар,1.72,Выигрыш,294,506,15.10.2025 23:15,Natus Vincere – Yakult Brothers,Поб 1,1.72,32:26,Выигрыш,True,
17452685597,14:49:24,Пари на спорт,Одинар,2.15,Выигрыш,400,860,15.10.2025 19:00,Локомотив Ярославль – ЦСКА,Поб 1,2.15,4:1,Выигрыш,True,
17452656694,14:48:52,Пари на спорт,Экспресс × 2,2.10,Проигрыш,200,-200,15.10.2025 15:58,BB Team – Aurora,Поб 1,1.47,27:30,Проигрыш,True,
17452632432,14:48:25,Пари на спорт,Одинар,1.63,Выигрыш,276,450,15.10.2025 16:00,Tundra Esports – Heroic,Поб 1,1.63,32:28,Выигрыш,True,
17444995699,11:51:30,Пари на спорт,Одинар,1.80,Выигрыш,289,520,15.10.2025 15:45,zweih / skillz0r – StRoGo / ct0m,Поб 2,1.80,5:13,Выигрыш,True,
17444208943,11:30:27,Пари на спорт,Одинар,1.77,Выигрыш,295,522,15.10.2025 12:30,Адмирал – Лада,Поб 1,1.77,6:1,Выигрыш,True,
17444205558,11:30:21,Пари на спорт,Одинар,1.95,Проигрыш,250,-250,15.10.2025 12:15,Амур – Спартак,Поб 2,1.95,4:3,Проигрыш,True,
17438639699,08:07:54,Пари на спорт,Одинар,1.95,Проигрыш,400,-400,15.10.2025 12:15,Амур – Спартак,Поб 2,1.95,4:3,Проигрыш,True,
17438633924,08:07:39,Пари на спорт,Одинар,1.70,Выигрыш,200,340,15.10.2025 23:15,Natus Vincere – Yakult Brothers,Поб 1,1.70,32:26,Выигрыш,True,
17438631194,08:07:31,Пари на спорт,Одинар,1.62,Проигрыш,200,-200,15.10.2025 21:47,Tundra Esports – Aurora,Поб 1,1.62,26:43,Проигрыш,True,
17438622130,08:07:08,Пари на спорт,Одинар,1.62,Выигрыш,200,324,15.10.2025 16:00,Tundra Esports – Heroic,Поб 1,1.62,32:28,Выигрыш,True,
17438619918,08:07:01,Пари на спорт,Одинар,2.10,Выигрыш,200,420,15.10.2025 19:00,Локомотив Ярославль – ЦСКА,Поб 1,2.10,4:1,Выигрыш,True,
17438618793,08:06:57,Пари на спорт,Одинар,1.77,Выигрыш,200,354,15.10.2025 12:30,Адмирал – Лада,Поб 1,1.77,6:1,Выигрыш,True,
17438617889,08:06:54,Пари на спорт,Одинар,1.95,Проигрыш,400,-400,15.10.2025 12:15,Амур – Спартак,Поб 2,1.95,4:3,Проигрыш,True,
17437739271,07:25:18,Пари на спорт,Одинар,2.04,Выигрыш,267,545,15.10.2025 09:41,FUT Esports – Heroic,Поб 2,2.04,0:2,Выигрыш,True,
17437735415,07:25:09,Пари на спорт,Одинар,2.20,Продано,200,289,15.10.2025 10:40,TYLOO – Fnatic,Поб 2,2.20,0:2,Выигрыш,True,
17435474419,05:08:40,Пари на спорт,Одинар,1.60,Выигрыш,100,160,15.10.2025 05:30,Анахайм – Питтсбург,> 5.5,1.60,3:3,Выигрыш,True,
17435466400,05:08:05,Пари на спорт,Одинар,1.60,Выигрыш,157,251,15.10.2025 05:30,Анахайм – Питтсбург,> 5.5,1.60,3:3,Выигрыш,True,
17435234627,04:53:27,Пари на спорт,Одинар,1.80,Выигрыш,87,157,15.10.2025 02:00,LIVE 0:0 овертайм Монреаль – Сиэтл,Победа с учетом ОТ и буллитов - Монреаль,1.80,1:0,Выигрыш,True,
17435007813,04:38:23,Пари на спорт,Одинар,1.85,Продано,212,332,15.10.2025 04:30,LIVE 0:0 Даллас – Миннесота,Поб 1,1.85,5:2,Выигрыш,True,
17434630616,04:10:16,Пари на спорт,Одинар,1.90,Выигрыш,200,380,15.10.2025 04:00,LIVE 0:0 Калгари – Вегас,Поб 2,1.90,2:4,Выигрыш,True,
17434602031,04:07:53,Пари на спорт,Одинар,1.85,Продано,100,157,15.10.2025 04:30,Даллас – Миннесота,Поб 1,1.85,5:2,Выигрыш,True,
17433943632,03:12:12,Пари на спорт,Одинар,2.05,Выигрыш,145,297,15.10.2025 02:00,LIVE 2:2 Торонто – Нэшвилл,Поб 1,2.05,7:4,Выигрыш,True,
17433676958,02:49:42,Пари на спорт,Одинар,2.70,Проигрыш,91,-91,15.10.2025 02:00,LIVE 0:0 2-й период Торонто – Нэшвилл,Поб 1,2.70,2:2,Проигрыш,True,
17426936565,22:41:46,Пари на спорт,Одинар,1.85,Продано,200,314,15.10.2025 04:30,Даллас – Миннесота,Поб 1,1.85,5:2,Выигрыш,True,
17426928855,22:41:39,Пари на спорт,Одинар,1.78,Выигрыш,100,178,15.10.2025 04:00,Калгари – Вегас,> 5.5,1.78,2:4,Выигрыш,True,
17426923501,22:41:34,Пари на спорт,Одинар,1.95,Выигрыш,100,195,15.10.2025 04:00,Калгари – Вегас,Поб 2,1.95,2:4,Выигрыш,True,
17426916016,22:41:26,Пари на спорт,Одинар,2.30,Выигрыш,100,230,15.10.2025 02:00,1-й период Торонто – Нэшвилл,Поб 1,2.30,2:0,Выигрыш,True,
17426912652,22:41:23,Пари на спорт,Одинар,1.90,Выигрыш,100,190,15.10.2025 02:00,Торонто – Нэшвилл,Поб 1,1.90,7:4,Выигрыш,True,
17426904693,22:41:15,Пари на спорт,Одинар,1.77,Продано,100,61,15.10.2025 02:00,Рейнджерс – Эдмонтон,> 5.5,1.77,0:2,Проигрыш,True,
17426900241,22:41:11,Пари на спорт,Одинар,2.12,Выигрыш,100,212,15.10.2025 02:00,Рейнджерс – Эдмонтон,Поб 2,2.12,0:2,Выигрыш,True,
17426892011,22:41:04,Пари на спорт,Одинар,2.45,Выигрыш,100,245,15.10.2025 02:00,1-й период Монреаль – Сиэтл,Поб 1,2.45,1:0,Выигрыш,True,
17426867144,22:40:41,Пари на спорт,Одинар,2.05,Проигрыш,100,-100,15.10.2025 02:00,Монреаль – Сиэтл,Поб 1,2.05,4:4,Проигрыш,True,
17425081654,22:08:06,Пари на спорт,Одинар,2.36,Проигрыш,87,-87,14.10.2025 21:50,LIVE 3:2 Tundra Esports – Natus Vincere,Поб 2,2.36,23:24,Проигрыш,True,
17388765489,10:25:01,Пари на спорт,Экспресс × 2,2.43,Проигрыш,290,-290,14.10.2025 15:10,3DMAX – Legacy,Поб 1,1.60,1:2,Проигрыш,True,
17388757092,10:24:44,Пари на спорт,Одинар,1.93,Проигрыш,200,-200,14.10.2025 10:30,Heroic – B8,Поб 2,1.93,16:12,Проигрыш,True,
17385813424,08:20:43,Пари на спорт,Одинар,2.30,Проигрыш,151,-151,14.10.2025 19:30,Шанхай Дрэгонс – Динамо Москва,Поб 2,2.30,3:2,Проигрыш,True,
17385811826,08:20:38,Пари на спорт,Одинар,1.77,Выигрыш,150,266,14.10.2025 19:10,Динамо Минск – Торпедо НН,Поб 1,1.77,7:1,Выигрыш,True,
17385810728,08:20:34,Пари на спорт,Одинар,1.80,Выигрыш,150,270,14.10.2025 17:00,Салават Юлаев – Ак Барс,Поб 2,1.80,1:4,Выигрыш,True,
17385808991,08:20:28,Пари на спорт,Одинар,1.72,Выигрыш,150,258,14.10.2025 16:56,Team Liquid – BB Team,Поб 2,1.72,15:34,Выигрыш,True,
17385807570,08:20:24,Пари на спорт,Одинар,1.95,Выигрыш,150,293,14.10.2025 16:00,Aurora – Natus Vincere,Поб 2,1.95,27:32,Выигрыш,True,
17383462981,05:44:05,Пари на спорт,Одинар,1.80,Выигрыш,417,751,14.10.2025 07:05,GamerLegion – Team Liquid,Поб 2,1.80,9:13,Выигрыш,True,
17377047000,23:10:36,Пари на спорт,Одинар,1.85,Продано,331,417,14.10.2025 03:00,Миннесота – Лос-Анджелес,> 5.5,1.85,3:3,Выигрыш,True,
17377038826,23:10:23,Пари на спорт,Одинар,,Проигрыш,250,-250,14.10.2025 03:00,Миннесота – Лос-Анджелес,Поб 2,2.51,3:3,Проигрыш,True,
17377033390,23:10:16,Пари на спорт,Одинар,1.93,Проигрыш,250,-250,14.10.2025 02:30,Ванкувер – Сент-Луис,< 5.5,1.93,2:4,Проигрыш,True,
17377030307,23:10:12,Пари на спорт,Одинар,2.25,Проигрыш,250,-250,14.10.2025 02:30,Ванкувер – Сент-Луис,Поб 1,2.25,2:5,Проигрыш,True,
17377018808,23:09:56,Пари на спорт,Одинар,2.08,Проигрыш,400,-400,14.10.2025 02:00,Филадельфия – Флорида,Поб 2,2.08,5:2,Проигрыш,True,
17338634293,10:21:06,Пари на спорт,Одинар,2.02,Проигрыш,329,-329,13.10.2025 19:00,Северсталь – Локомотив Ярославль,Поб 2,2.02,4:3,Проигрыш,True,
17338630920,10:20:59,Пари на спорт,Одинар,2.00,Выигрыш,250,500,13.10.2025 20:00,Оттава – Нэшвилл,< 5.5,2.00,1:4,Выигрыш,True,
17338626973,10:20:50,Пари на спорт,Одинар,1.93,Проигрыш,250,-250,13.10.2025 21:00,Торонто – Детройт,Поб 1,1.93,2:3,Проигрыш,True,
17338624466,10:20:44,Пари на спорт,Одинар,1.97,Выигрыш,250,493,13.10.2025 20:00,Бостон – Тампа-Бэй,Поб 2,1.97,3:4,Выигрыш,True,
17338621758,10:20:37,Пари на спорт,Одинар,1.95,Выигрыш,250,488,13.10.2025 19:30,Баффало – Колорадо,Поб 2,1.95,1:3,Выигрыш,True,
17330392975,00:50:09,Пари на спорт,Одинар,1.00,Возврат,200,200,13.10.2025 02:00,Норвегия U20 – Франция U20,Фора 2 (-1),2.15,1:2,Возврат,True,
17330388590,00:49:57,Пари на спорт,Одинар,,Выигрыш,200,328,13.10.2025 02:00,Норвегия U20 – Франция U20,Поб 2 (осн. время),1.64,1:2,Выигрыш,True,
17324673338,21:59:58,Пари на спорт,Одинар,2.13,Выигрыш,200,426,13.10.2025 02:00,Рейнджерс – Вашингтон,< 5.5,2.13,0:1,Выигрыш,True,
17324437792,21:54:58,Пари на спорт,Одинар,2.50,Выигрыш,250,375,13.10.2025 02:00,Рейнджерс – Вашингтон,Поб 2,2.50,0:1,Выигрыш,True,
17311137212,18:02:53,Пари на спорт,Одинар,1.80,Проигрыш,718,-718,12.10.2025 18:00,LIVE 0:0 Team Falcons – Team Vitality,Поб 1,1.80,0:3,Проигрыш,True,
17284376498,08:19:09,Пари на спорт,Одинар,1.65,Выигрыш,200,330,12.10.2025 14:30,MOUZ – FaZe Clan,Поб 1,1.65,2:0,Выигрыш,True,
17284372565,08:18:59,Пари на спорт,Одинар,1.80,Выигрыш,100,180,12.10.2025 11:40,Риндеркнеш А – Вашеро В,> 23.5,1.80,9:10,Выигрыш,True,
17284369654,08:18:51,Пари на спорт,Одинар,1.65,Проигрыш,100,-100,12.10.2025 11:40,Риндеркнеш А – Вашеро В,Поб 1,1.65,1:2,Проигрыш,True,
17284366960,08:18:44,Пари на спорт,Одинар,2.08,Выигрыш,100,208,12.10.2025 14:30,Барыс – Торпедо НН,Поб 2,2.08,3:5,Выигрыш,True,
17263478375,20:29:39,Пари на спорт,Одинар,1.90,Проигрыш,200,-200,11.10.2025 20:30,Виннипег – Лос-Анджелес,> 5.5,1.90,3:2,Проигрыш,True,
17259104049,19:16:31,Пари на спорт,Экспресс × 2,2.63,Проигрыш,99,-99,11.10.2025 23:00,Калгари – Сент-Луис,Победа с учетом ОТ и буллитов - Калгари,2.02,2:4,Проигрыш,True,
17225619603,07:15:20,Пари на спорт,Одинар,1.75,Проигрыш,100,-100,11.10.2025 17:00,Шанхай Дрэгонс – Динамо Минск,Победа с учетом ОТ и буллитов - Динамо Минск,1.75,2:1,Проигрыш,True,
17225618490,07:15:16,Пари на спорт,Одинар,1.78,Проигрыш,100,-100,11.10.2025 14:00,Трактор – Локомотив Ярославль,Победа с учетом ОТ и буллитов - Локомотив Ярославль,1.78,3:1,Проигрыш,True,
17225616282,07:15:09,Пари на спорт,Одинар,,Проигрыш,100,-100,11.10.2025 17:00,Шанхай Дрэгонс – Динамо Минск,Поб 2,2.22,2:1,Проигрыш,True,
17225612282,07:14:56,Пари на спорт,Одинар,2.25,Проигрыш,50,-50,11.10.2025 14:00,Трактор – Локомотив Ярославль,Поб 2,2.25,3:1,Проигрыш,True,
17225598964,07:14:15,Пари на спорт,Одинар,3.15,Проигрыш,50,-50,11.10.2025 16:45,MOUZ – Team Falcons,Счет 1:2,3.15,0:2,Проигрыш,True,
17225594160,07:13:58,Пари на спорт,Одинар,1.98,Выигрыш,50,99,11.10.2025 14:07,Медведев Д – Риндеркнеш А,> 23.5,1.98,8:10,Выигрыш,True,
17225590641,07:13:46,Пари на спорт,Одинар,1.87,Проигрыш,50,-50,11.10.2025 11:42,Джокович Н – Вашеро В,> 21.5,1.87,7:12,Проигрыш,True,
17168480378,10:01:41,Пари на спорт,Экспресс × 2,2.35,Проигрыш,300,-300,10.10.2025 10:11,Риндеркнеш А – Оже-Альяссим Ф,Поб 2,1.33,2:0,Проигрыш,True,
17165668028,08:05:33,Пари на спорт,Экспресс × 2,2.42,Проигрыш,700,-700,10.10.2025 10:11,Риндеркнеш А – Оже-Альяссим Ф,Фора 2 (-2.5),1.58,12:7,Проигрыш,True,
17162588424,05:11:52,Пари на спорт,Одинар,1.70,Проигрыш,788,-788,10.10.2025 05:00,LIVE 0:0 Сан-Хосе – Вегас,Поб 2,1.70,3:3,Проигрыш,True,
17162365291,04:57:47,Пари на спорт,Одинар,1.80,Проигрыш,600,-600,10.10.2025 05:00,Сан-Хосе – Вегас,Поб 2,1.80,3:3,Проигрыш,True,
17162163110,04:45:06,Пари на спорт,Одинар,2.13,Проигрыш,201,-201,10.10.2025 02:00,LIVE 3:3 Бостон – Чикаго,Победа с учетом ОТ и буллитов - Чикаго,2.13,3:3,Проигрыш,True,
17158673187,00:33:23,Пари на спорт,Одинар,3.15,Проигрыш,200,-200,10.10.2025 02:00,Бостон – Чикаго,Поб 2,3.15,3:3,Проигрыш,True,
17158671216,00:33:18,Пари на спорт,Одинар,1.80,Выигрыш,445,801,10.10.2025 02:00,Флорида – Филадельфия,Поб 1,1.80,2:1,Выигрыш,True,
17158666434,00:33:06,Пари на спорт,Одинар,1.97,Выигрыш,400,788,10.10.2025 02:30,Каролина – Нью-Джерси,Поб 1,1.97,6:3,Выигрыш,True,
17128527776,14:15:39,Пари на спорт,Одинар,2.45,Проигрыш,262,-262,09.10.2025 14:36,Team Liquid – MOUZ,Счет 2:0,2.45,1:1,Проигрыш,True,
17128515523,14:15:20,Пари на спорт,Одинар,1.95,Продано,300,262,09.10.2025 14:36,Team Liquid – MOUZ,Кол-во карт > 2.5,1.95,1:1,Выигрыш,True,
17128504698,14:15:06,Пари на спорт,Экспресс × 2,2.09,Выигрыш,500,1 045,09.10.2025 14:36,Team Liquid – MOUZ,Поб 1,1.48,2:1,Выигрыш,True,
17117785902,08:26:28,Пари на спорт,Одинар,1.80,Проигрыш,500,-500,09.10.2025 10:10,Руне Х – Вашеро В,Счет 2:0,1.80,1:1,Проигрыш,True,
16832320302,18:20:36,Пари на спорт,Одинар,1.65,Проигрыш,344,-344,03.10.2025 16:00,LIVE 1:1 ТраВоМаН Team – Solo Team,Поб 1,1.65,1:2,Проигрыш,True,
16824558902,16:11:21,Пари на спорт,Одинар,1.57,Проигрыш,324,-324,03.10.2025 16:00,LIVE 0:0 ТраВоМаН Team – Solo Team,Поб 1,1.57,1:2,Проигрыш,True,
16803211533,05:40:08,Пари на спорт,Одинар,1.95,Проигрыш,75,-75,03.10.2025 09:25,Серундоло Ф – Маннарино А,Поб 2,1.95,2:0,Проигрыш,True,
16800996788,02:15:13,Пари на спорт,Экспресс × 3,2.78,Проигрыш,100,-100,03.10.2025 07:40,Шелтон Б – Гоффен Д,Поб 1,1.36,0:2,Проигрыш,True,
16800991678,02:14:51,Пари на спорт,Экспресс × 2,2.28,Проигрыш,135,-135,03.10.2025 07:40,Тиафо Ф – Ханфманн Я,Поб 1,1.57,1:2,Проигрыш,True,
16800988286,02:14:36,Пари на спорт,Одинар,1.80,Выигрыш,180,324,03.10.2025 09:25,Серундоло Ф – Маннарино А,Поб 1,1.80,2:0,Выигрыш,True,
16800983322,02:14:17,Пари на спорт,Экспресс × 2,1.91,Выигрыш,180,344,03.10.2025 11:59,Нарди Л – Мпетши-Перрикар Дж,Поб 2,1.47,0:2,Выигрыш,True,
16800978459,02:13:55,Пари на спорт,Экспресс × 2,2.08,Проигрыш,180,-180,03.10.2025 07:40,Шелтон Б – Гоффен Д,Поб 1,1.36,0:2,Проигрыш,True,
16639877544,00:31:27,Пари на спорт,Экспресс × 2,2.13,Проигрыш,203,-203,30.09.2025 13:05,Вукич А – Нишиока Й,Поб 1,1.70,0:2,Проигрыш,True,
16639866499,00:30:58,Пари на спорт,Экспресс × 2,2.15,Проигрыш,200,-200,30.09.2025 07:05,Табило А – Майо Г,Поб 1,1.45,2:0,Выигрыш,True,
16620193896,18:06:19,Пари на спорт,Экспресс × 3,3.56,Проигрыш,200,-200,29.09.2025 19:30,Динамо Минск – Локомотив Ярославль,Победа с учетом ОТ и буллитов - Локомотив Ярославль,1.77,2:2,Проигрыш,True,
16484328589,11:35:19,Пари на спорт,Одинар,1.95,Проигрыш,53,-53,27.09.2025 13:30,Solo Team – Goodwin Team,Поб 1,1.95,1:2,Проигрыш,True,
16476918783,08:17:09,Пари на спорт,Одинар,1.70,Выигрыш,75,53,27.09.2025 07:00,LIVE 0:0 2-й сет Накашима Б – Фучович М,Поб 1,1.70,6:3,Выигрыш,True,
16470770010,01:59:08,Пари на спорт,Одинар,2.00,Проигрыш,835,-835,27.09.2025 07:00,Накашима Б – Фучович М,Поб 2,2.00,2:0,Проигрыш,True,
16470769111,01:59:05,Пари на спорт,Одинар,1.83,Проигрыш,1 000,-1 000,27.09.2025 07:00,Накашима Б – Фучович М,> 23.5,1.83,13:8,Проигрыш,True,
16465082006,22:57:11,Пари на спорт,Одинар,1.95,Выигрыш,941,1 835,26.09.2025 21:30,LIVE 0:1 Rostik Team – YBN Team,Поб 1,1.95,2:1,Выигрыш,True,
16446447496,18:10:05,Пари на спорт,Одинар,1.65,Выигрыш,570,941,26.09.2025 19:10,Динамо Минск – Северсталь,Победа с учетом ОТ и буллитов - Динамо Минск,1.65,4:2,Выигрыш,True,
16434829467,14:58:07,Пари на спорт,Одинар,1.52,Проигрыш,1 000,-1 000,26.09.2025 16:00,Team Heretics – MIBR,Поб 1,1.52,0:2,Проигрыш,True,
16415202045,03:23:52,Пари на спорт,Экспресс × 3,2.04,Проигрыш,596,-596,26.09.2025 11:15,Маннарино А – Бублик А,Поб 2,1.43,2:0,Проигрыш,True,
16415196384,03:23:22,Пари на спорт,Экспресс × 2,2.03,Проигрыш,700,-700,26.09.2025 06:05,Рублев А – Коболли Ф,Поб 1,1.42,0:2,Проигрыш,True,
16413679358,01:29:10,Пари на спорт,Одинар,2.00,Проигрыш,775,-775,26.09.2025 05:00,Вегас – Юта,Поб 1,2.00,2:2,Проигрыш,True,
16413678315,01:29:07,Пари на спорт,Одинар,1.95,Продано,750,1 296,26.09.2025 02:00,Вашингтон – Филадельфия,Поб 1,1.95,5:1,Выигрыш,True,
16411695320,00:09:03,Пари на спорт,Одинар,3.33,Продано,500,1 025,25.09.2025 21:00,LIVE 1:1 AVULUS – Virtus.Pro,Поб 2,3.33,1:2,Выигрыш,True,
16411428881,00:02:28,Пари на спорт,Одинар,1.68,Проигрыш,491,-491,25.09.2025 21:45,LIVE 1:1 Cooman Team – Stray Team,Поб 1,1.68,1:2,Проигрыш,True,
16396289292,19:26:01,Пари на спорт,Одинар,1.83,Продано,1 700,1 587,25.09.2025 21:00,AVULUS – Virtus.Pro,Поб 1,1.83,1:2,Проигрыш,True,
16390841371,17:53:10,Пари на спорт,Одинар,1.43,Проигрыш,1 000,-1 000,25.09.2025 18:00,Goodwin Team – YBN Team,Поб 1,1.43,1:2,Проигрыш,True,
16384894091,15:59:46,Пари на спорт,Одинар,1.70,Выигрыш,1 000,1 700,25.09.2025 16:00,Paper Rex – G2 Esports,Поб 1,1.70,2:1,Выигрыш,True,
16380446753,14:19:51,Пари на спорт,Одинар,2.85,Проигрыш,75,-75,25.09.2025 19:00,карты Fnatic – DRX,Фора 1 (-1.5),2.85,2:1,Проигрыш,True,
16380390628,14:18:24,Пари на спорт,Одинар,1.60,Выигрыш,1 190,1 904,25.09.2025 19:00,Fnatic – DRX,Поб 1,1.60,2:1,Выигрыш,True,
16368873428,09:02:10,Пари на спорт,Экспресс × 2,2.19,Выигрыш,1 000,2 190,25.09.2025 09:00,LIVE 0:0 Томпсон Дж – Накашима Б,Поб 2,1.35,1:2,Выигрыш,True,
16364161551,04:24:04,Пари на спорт,Экспресс × 2,2.05,Проигрыш,750,-750,25.09.2025 12:15,Меджедович Х – Руне Х,Поб 2,1.67,0:2,Выигрыш,True,
16364148758,04:22:34,Пари на спорт,Экспресс × 2,1.73,Проигрыш,751,-751,25.09.2025 06:15,Мюллер А – Хачанов К,Поб 2,1.22,2:1,Проигрыш,True,
16363482328,03:18:20,Пари на спорт,Одинар,2.60,Продано,500,864,25.09.2025 02:30,LIVE 0:0 Нью-Йорк Сити – Интер Майами,Поб 2 (осн. время),2.60,0:4,Выигрыш,True,
16360618255,00:26:18,Пари на спорт,Одинар,1.75,Продано,895,137,25.09.2025 02:30,Нью-Йорк Сити – Интер Майами,Обе забьют и тотал матча > 2.5 - да,1.75,0:4,Проигрыш,True,
16354405775,22:02:06,Пари на спорт,Одинар,2.10,Проигрыш,250,-250,24.09.2025 22:30,Реал Сосьедад – Мальорка,> 2.5,2.10,1:0,Проигрыш,True,
16354401593,22:02:02,Пари на спорт,Одинар,1.77,Продано,250,395,24.09.2025 22:30,Реал Сосьедад – Мальорка,Поб 1 (осн. время),1.77,1:0,Выигрыш,True,
16354351690,22:01:21,Пари на спорт,Одинар,2.10,Проигрыш,335,-335,24.09.2025 22:00,LIVE 0:0 Брага – Фейеноорд,Обе забьют и тотал матча > 2.5 - да,2.10,1:0,Проигрыш,True,
16353368546,21:49:11,Пари на спорт,Одинар,1.78,Выигрыш,750,1 335,24.09.2025 19:30,LIVE 2:2 Динамо Москва – Шанхай Дрэгонс,Победа с учетом ОТ и буллитов - Динамо Москва,1.78,2:2,Выигрыш,True,
16352661319,21:40:19,Пари на спорт,Одинар,2.70,Проигрыш,380,-380,24.09.2025 19:28,LIVE 0:0 3-я карта Rostik Team – By_Owl Team,Поб 2,2.70,31:25,Проигрыш,True,
16341157410,18:44:04,Пари на спорт,Одинар,1.95,Проигрыш,750,-750,24.09.2025 19:30,Динамо Москва – Шанхай Дрэгонс,Поб 1,1.95,2:2,Проигрыш,True,
16341150180,18:43:56,Пари на спорт,Одинар,1.95,Продано,750,1 115,24.09.2025 19:10,Динамо Минск – Торпедо НН,Поб 1,1.95,3:2,Выигрыш,True,
16337283451,17:36:37,Пари на спорт,Одинар,2.25,Выигрыш,229,515,24.09.2025 16:00,LIVE 0:0 2-я карта VooDooSh Team – By_Owl Team,Поб 2,2.25,29:35,Выигрыш,True,
16333258386,16:14:53,Пари на спорт,Одинар,2.40,Выигрыш,387,929,24.09.2025 16:00,LIVE 0:0 1-я карта VooDooSh Team – By_Owl Team,Поб 2,2.40,27:44,Выигрыш,True,
16331829811,15:44:37,Пари на спорт,Одинар,1.50,Проигрыш,500,-500,24.09.2025 13:10,LIVE 0:0 3-я карта Zero Tenacity – OG,Поб 2,1.50,31:16,Проигрыш,True,
16311548954,01:56:48,Пари на спорт,Одинар,1.85,Выигрыш,500,925,24.09.2025 02:00,Монреаль – Филадельфия,Поб 1,1.85,4:2,Выигрыш,True,
16311498544,01:52:43,Пари на спорт,Одинар,2.10,Проигрыш,500,-500,24.09.2025 11:59,Фучович М – Тиафо Ф,Поб 2,2.10,2:1,Проигрыш,True,
16311497111,01:52:36,Пари на спорт,Одинар,1.65,Выигрыш,765,1 262,24.09.2025 07:00,Ватануки Е – Боржеш Н,Поб 2,1.65,1:2,Выигрыш,True,
16303536671,22:02:11,Пари на спорт,Одинар,1.80,Выигрыш,425,765,23.09.2025 22:30,Севилья – Вильярреал,Обе забьют - да,1.80,1:1,Выигрыш,True,
16294408028,19:26:48,Пари на спорт,Одинар,2.15,Проигрыш,500,-500,23.09.2025 20:00,Атлетик Бильбао – Жирона,Атлетик Бильбао победа и общий тотал < 3.5 - да,2.15,1:1,Проигрыш,True,
16294400509,19:26:41,Пари на спорт,Одинар,2.35,Проигрыш,500,-500,23.09.2025 20:00,Эспаньол – Валенсия,Поб 1 (осн. время),2.35,2:2,Проигрыш,True,
16294363579,19:26:03,Пари на спорт,Одинар,1.92,Выигрыш,482,925,23.09.2025 19:30,СКА – Авангард,Победа с учетом ОТ и буллитов - Авангард,1.92,2:4,Выигрыш,True,
16284978594,16:27:30,Пари на спорт,Одинар,1.60,Выигрыш,1 676,2 682,23.09.2025 17:00,Металлург Мг – Спартак,Победа с учетом ОТ и буллитов - Металлург Мг,1.60,2:2,Выигрыш,True,
16278735300,14:03:54,Пари на спорт,Одинар,2.55,Выигрыш,775,1 976,23.09.2025 13:00,LIVE 0:0 2-я карта ТраВоМаН Team – By_Owl Team,Поб 2,2.55,14:41,Выигрыш,True,
16264058561,03:32:57,Пари на спорт,Одинар,1.72,Проигрыш,500,-500,23.09.2025 07:25,Серундоло Х-М – Шимабукуро Ш,Поб 1,1.72,0:2,Проигрыш,True,
16264057932,03:32:52,Пари на спорт,Одинар,1.55,Выигрыш,500,775,23.09.2025 05:05,Вукич А – Сакамото Р,Поб 1,1.55,2:0,Выигрыш,True,
16260921768,00:01:18,Пари на спорт,Одинар,2.05,Проигрыш,750,-750,23.09.2025 02:00,Коламбус – Баффало,Поб 1,2.05,0:4,Проигрыш,True,
16255352986,21:47:38,Пари на спорт,Одинар,1.85,Проигрыш,762,-762,22.09.2025 21:00,LIVE 1:0 Марсель – ПСЖ,X2 (осн. время),1.85,1:0,Проигрыш,True,
16235109306,15:44:15,Пари на спорт,Одинар,2.75,Проигрыш,100,-100,22.09.2025 19:30,Шанхай Дрэгонс – Торпедо НН,Поб 2,2.75,0:0,Проигрыш,True,
16235107930,15:44:13,Пари на спорт,Одинар,2.75,Проигрыш,100,-100,22.09.2025 19:30,Шанхай Дрэгонс – Торпедо НН,Поб 2,2.75,0:0,Проигрыш,True,
16235102181,15:44:06,Пари на спорт,Одинар,2.00,Проигрыш,1 000,-1 000,22.09.2025 19:30,Шанхай Дрэгонс – Торпедо НН,Победа с учетом ОТ и буллитов - Торпедо НН,2.00,0:0,Проигрыш,True,
16230016431,14:01:57,Пари на спорт,Экспресс × 2,2.16,Выигрыш,700,1 512,22.09.2025 14:40,Бублик А – У Ибин,Поб 1,1.35,2:0,Выигрыш,True,
16215798394,05:47:33,Пари на спорт,Одинар,1.70,Выигрыш,1 000,1 700,22.09.2025 12:15,Амур – Динамо Москва,Победа с учетом ОТ и буллитов - Динамо Москва,1.70,1:3,Выигрыш,True,
16215793260,05:47:06,Пари на спорт,Экспресс × 2,2.12,Проигрыш,1 156,-1 156,22.09.2025 12:08,Накашима Б – Табило А,Поб 1,1.50,0:2,Проигрыш,True,
16214497836,03:36:36,Пари на спорт,Одинар,1.55,Выигрыш,1 391,2 156,22.09.2025 03:58,Зверев А – Фриц Т,Поб 2,1.55,0:2,Выигрыш,True,
16213454696,02:01:32,Пари на спорт,Одинар,1.48,Выигрыш,940,1 391,22.09.2025 02:21,Алькарас К – Серундоло Ф,Счет 2:0,1.48,2:0,Выигрыш,True,
16210634542,23:50:39,Пари на спорт,Одинар,1.47,Выигрыш,1 000,1 470,22.09.2025 00:22,Меншик Я – Де Минаур А,Поб 2,1.47,0:2,Выигрыш,True,
16209592684,23:16:14,Пари на спорт,Одинар,1.47,Выигрыш,1 000,1 470,22.09.2025 00:22,Меншик Я – Де Минаур А,Поб 2,1.47,0:2,Выигрыш,True,
16191094275,18:13:16,Пари на спорт,Одинар,2.08,Проигрыш,779,-779,21.09.2025 18:30,Арсенал – Манчестер Сити,Поб 1 (осн. время),2.08,1:1,Проигрыш,True,
16153026781,04:04:19,Пари на спорт,Одинар,1.58,Проигрыш,1 000,-1 000,21.09.2025 18:00,The Mongolz – FURIA Esports,Поб 1,1.58,2:3,Проигрыш,True,
16153005184,04:02:22,Пари на спорт,Экспресс × 2,1.82,Выигрыш,428,779,21.09.2025 10:50,Джирон M – Накашима Б,Поб 2,1.42,1:2,Выигрыш,True,
16153003134,04:02:11,Пари на спорт,Экспресс × 2,1.82,Проигрыш,428,-428,21.09.2025 10:50,Джирон M – Накашима Б,Поб 2,1.42,1:2,Выигрыш,True,
16152518530,03:19:30,Пари на спорт,Одинар,1.85,Продано,600,356,21.09.2025 03:30,Миннесота Юнайтед – Чикаго Файр,Обе забьют и тотал матча > 2.5 - да,1.85,0:3,Проигрыш,True,
16017811720,21:48:20,Пари на спорт,Одинар,2.75,Продано,640,1 156,18.09.2025 22:00,Ньюкасл – Барселона,Поб 2 (осн. время),2.75,1:2,Выигрыш,True,
15994109305,15:39:13,Пари на спорт,Одинар,2.61,Выигрыш,75,121,18.09.2025 18:00,Лада – Торпедо НН,Поб 2,2.61,1:5,Выигрыш,True,
15994058287,15:38:12,Пари на спорт,Одинар,1.73,Выигрыш,300,519,18.09.2025 19:45,Копенгаген – Байер Леверкузен,Обе забьют - да,1.73,1:1,Выигрыш,True,
15994054756,15:38:07,Пари на спорт,Одинар,2.46,Проигрыш,500,-500,18.09.2025 19:45,Копенгаген – Байер Леверкузен,Поб 2 (осн. время),2.46,2:2,Проигрыш,True,
